{"usermeta": {"embedOptions": {"theme": "fivethirtyeight"}}, "config": {"view": {"continuousWidth": 400, "continuousHeight": 300}}, "data": {"name": "data-3be0a66356521c98df9ca3a622bac075"}, "mark": "bar", "encoding": {"x": {"field": "Years since joining", "type": "quantitative"}, "y": {"field": "Name/Alias", "sort": {"field": "year_rank", "order": "descending"}, "type": "nominal"}}, "height": 400, "transform": [{"window": [{"op": "rank", "field": "*", "as": "year_rank"}], "sort": [{"field": "Years since joining", "order": "descending"}]}, {"filter": "(datum.year_rank <= 31)"}], "width": 800, "$schema": "https://vega.github.io/schema/vega-lite/v4.17.0.json", "datasets": {"data-3be0a66356521c98df9ca3a622bac075": [{"URL": "http://marvel.wikia.com/Henry_Pym_(Earth-616)", "Name/Alias": "Henry Jonathan \"Hank\" Pym", "Appearances": 1269, "Current?": "YES", "Gender": "MALE", "Probationary Introl": null, "Full/Reserve Avengers Intro": "Sep-63", "Year": 1963, "Years since joining": 52, "Honorary": "Full", "Notes": "Merged with Ultron in Rage of Ultron Vol. 1. A funeral was held. ", "Death1": 1, "Return1": 0, "Death2": 0, "Return2": 0, "Death3": 0, "Return3": 0, "Death4": 0, "Return4": 0, "Death5": 0, "Return5": 0}, {"URL": "http://marvel.wikia.com/Janet_van_Dyne_(Earth-616)", "Name/Alias": "Janet van Dyne", "Appearances": 1165, "Current?": "YES", "Gender": "FEMALE", "Probationary Introl": null, "Full/Reserve Avengers Intro": "Sep-63", "Year": 1963, "Years since joining": 52, "Honorary": "Full", "Notes": "Dies in Secret Invasion V1:I8. Actually was sent tto Microverse later recovered", "Death1": 1, "Return1": 1, "Death2": 0, "Return2": 0, "Death3": 0, "Return3": 0, "Death4": 0, "Return4": 0, "Death5": 0, "Return5": 0}, {"URL": "http://marvel.wikia.com/Anthony_Stark_(Earth-616)", "Name/Alias": "Anthony Edward \"Tony\" Stark", "Appearances": 3068, "Current?": "YES", "Gender": "MALE", "Probationary Introl": null, "Full/Reserve Avengers Intro": "Sep-63", "Year": 1963, "Years since joining": 52, "Honorary": "Full", "Notes": "Death: \"Later while under the influence of Immortus Stark committed a number of horrible acts and was killed.'  This set up young Tony. Franklin Richards later brought him back", "Death1": 1, "Return1": 1, "Death2": 0, "Return2": 0, "Death3": 0, "Return3": 0, "Death4": 0, "Return4": 0, "Death5": 0, "Return5": 0}, {"URL": "http://marvel.wikia.com/Robert_Bruce_Banner_(Earth-616)", "Name/Alias": "Robert Bruce Banner", "Appearances": 2089, "Current?": "YES", "Gender": "MALE", "Probationary Introl": null, "Full/Reserve Avengers Intro": "Sep-63", "Year": 1963, "Years since joining": 52, "Honorary": "Full", "Notes": "Dies in Ghosts of the Future arc. However \"he had actually used a hidden Pantheon base to survive\"", "Death1": 1, "Return1": 1, "Death2": 0, "Return2": 0, "Death3": 0, "Return3": 0, "Death4": 0, "Return4": 0, "Death5": 0, "Return5": 0}, {"URL": "http://marvel.wikia.com/Thor_Odinson_(Earth-616)", "Name/Alias": "Thor Odinson", "Appearances": 2402, "Current?": "YES", "Gender": "MALE", "Probationary Introl": null, "Full/Reserve Avengers Intro": "Sep-63", "Year": 1963, "Years since joining": 52, "Honorary": "Full", "Notes": "Dies in Fear Itself brought back because that's kind of the whole point. Second death in Time Runs Out has not yet returned", "Death1": 1, "Return1": 1, "Death2": 1, "Return2": 0, "Death3": 0, "Return3": 0, "Death4": 0, "Return4": 0, "Death5": 0, "Return5": 0}, {"URL": "http://marvel.wikia.com/Richard_Jones_(Earth-616)", "Name/Alias": "Richard Milhouse Jones", "Appearances": 612, "Current?": "YES", "Gender": "MALE", "Probationary Introl": null, "Full/Reserve Avengers Intro": "Sep-63", "Year": 1963, "Years since joining": 52, "Honorary": "Honorary", "Notes": null, "Death1": 0, "Return1": 0, "Death2": 0, "Return2": 0, "Death3": 0, "Return3": 0, "Death4": 0, "Return4": 0, "Death5": 0, "Return5": 0}, {"URL": "http://marvel.wikia.com/Steven_Rogers_(Earth-616)", "Name/Alias": "Steven Rogers", "Appearances": 3458, "Current?": "YES", "Gender": "MALE", "Probationary Introl": null, "Full/Reserve Avengers Intro": "Mar-64", "Year": 1964, "Years since joining": 51, "Honorary": "Full", "Notes": "Dies at the end of Civil War. Later comes back. ", "Death1": 1, "Return1": 1, "Death2": 0, "Return2": 0, "Death3": 0, "Return3": 0, "Death4": 0, "Return4": 0, "Death5": 0, "Return5": 0}, {"URL": "http://marvel.wikia.com/Clint_Barton_(Earth-616)", "Name/Alias": "Clinton Francis Barton", "Appearances": 1456, "Current?": "YES", "Gender": "MALE", "Probationary Introl": null, "Full/Reserve Avengers Intro": "May-65", "Year": 1965, "Years since joining": 50, "Honorary": "Full", "Notes": "Dies in exploding Kree ship in Averngers Vol. 1  Issue 502. Brought back by Scarlet Witch. Dies again in House of M Vol 1 Issue 7. Is later brought back. ", "Death1": 1, "Return1": 1, "Death2": 1, "Return2": 1, "Death3": 0, "Return3": 0, "Death4": 0, "Return4": 0, "Death5": 0, "Return5": 0}, {"URL": "http://marvel.wikia.com/Pietro_Maximoff_(Earth-616)", "Name/Alias": "Pietro Maximoff", "Appearances": 769, "Current?": "YES", "Gender": "MALE", "Probationary Introl": null, "Full/Reserve Avengers Intro": "May-65", "Year": 1965, "Years since joining": 50, "Honorary": "Full", "Notes": "Dies in House of M Vol 1 Issue 7. Later comes back", "Death1": 1, "Return1": 1, "Death2": 0, "Return2": 0, "Death3": 0, "Return3": 0, "Death4": 0, "Return4": 0, "Death5": 0, "Return5": 0}, {"URL": "http://marvel.wikia.com/Wanda_Maximoff_(Earth-616)", "Name/Alias": "Wanda Maximoff", "Appearances": 1214, "Current?": "YES", "Gender": "FEMALE", "Probationary Introl": null, "Full/Reserve Avengers Intro": "May-65", "Year": 1965, "Years since joining": 50, "Honorary": "Full", "Notes": "Dies in Uncanny_Avengers_Vol_1_14. Later comes back", "Death1": 1, "Return1": 1, "Death2": 0, "Return2": 0, "Death3": 0, "Return3": 0, "Death4": 0, "Return4": 0, "Death5": 0, "Return5": 0}, {"URL": "http://marvel.wikia.com/Jacques_Duquesne_(Earth-616)", "Name/Alias": "Jacques Duquesne", "Appearances": 115, "Current?": "NO", "Gender": "MALE", "Probationary Introl": null, "Full/Reserve Avengers Intro": "Sep-65", "Year": 1965, "Years since joining": 50, "Honorary": "Full", "Notes": "Dies in Avengers_Vol_1_130. Brought back by the Chaos King", "Death1": 1, "Return1": 1, "Death2": 0, "Return2": 0, "Death3": 0, "Return3": 0, "Death4": 0, "Return4": 0, "Death5": 0, "Return5": 0}, {"URL": "http://marvel.wikia.com/Hercules_(Earth-616)", "Name/Alias": "Heracles", "Appearances": 741, "Current?": "YES", "Gender": "MALE", "Probationary Introl": null, "Full/Reserve Avengers Intro": "Oct-67", "Year": 1967, "Years since joining": 48, "Honorary": "Full", "Notes": null, "Death1": 0, "Return1": 0, "Death2": 0, "Return2": 0, "Death3": 0, "Return3": 0, "Death4": 0, "Return4": 0, "Death5": 0, "Return5": 0}, {"URL": "http://marvel.wikia.com/T%27Challa_(Earth-616)", "Name/Alias": "T'Challa", "Appearances": 780, "Current?": "NO", "Gender": "MALE", "Probationary Introl": null, "Full/Reserve Avengers Intro": "May-68", "Year": 1968, "Years since joining": 47, "Honorary": "Full", "Notes": null, "Death1": 0, "Return1": 0, "Death2": 0, "Return2": 0, "Death3": 0, "Return3": 0, "Death4": 0, "Return4": 0, "Death5": 0, "Return5": 0}, {"URL": "http://marvel.wikia.com/Vision_(Earth-616)", "Name/Alias": "Victor Shade (alias)", "Appearances": 1036, "Current?": "YES", "Gender": "MALE", "Probationary Introl": null, "Full/Reserve Avengers Intro": "Nov-68", "Year": 1968, "Years since joining": 47, "Honorary": "Full", "Notes": "Dies in Avengers_Vol_1_500. Is eventually rebuilt. ", "Death1": 1, "Return1": 1, "Death2": 0, "Return2": 0, "Death3": 0, "Return3": 0, "Death4": 0, "Return4": 0, "Death5": 0, "Return5": 0}, {"URL": "http://marvel.wikia.com/Dane_Whitman", "Name/Alias": "Dane Whitman", "Appearances": 482, "Current?": "NO", "Gender": "MALE", "Probationary Introl": null, "Full/Reserve Avengers Intro": "Dec-69", "Year": 1969, "Years since joining": 46, "Honorary": "Full", "Notes": null, "Death1": 0, "Return1": 0, "Death2": 0, "Return2": 0, "Death3": 0, "Return3": 0, "Death4": 0, "Return4": 0, "Death5": 0, "Return5": 0}, {"URL": "http://marvel.wikia.com/Natalia_Romanova_(Earth-616)#", "Name/Alias": "Natalia Alianovna Romanova", "Appearances": 1112, "Current?": "YES", "Gender": "FEMALE", "Probationary Introl": null, "Full/Reserve Avengers Intro": "May-73", "Year": 1973, "Years since joining": 42, "Honorary": "Full", "Notes": "Killed by The Hand. Later revived with The Stone of the Chaste. ", "Death1": 1, "Return1": 1, "Death2": 0, "Return2": 0, "Death3": 0, "Return3": 0, "Death4": 0, "Return4": 0, "Death5": 0, "Return5": 0}, {"URL": "http://marvel.wikia.com/Mantis_(Earth-616)#", "Name/Alias": "Brandt", "Appearances": 160, "Current?": "NO", "Gender": "FEMALE", "Probationary Introl": null, "Full/Reserve Avengers Intro": "Aug-73", "Year": 1973, "Years since joining": 42, "Honorary": "Full", "Notes": "Dies in Silver_Surfer_Vol_3_3. Actually \"fragments of her essence were spread out all across the universe\"", "Death1": 1, "Return1": 1, "Death2": 0, "Return2": 0, "Death3": 0, "Return3": 0, "Death4": 0, "Return4": 0, "Death5": 0, "Return5": 0}, {"URL": "http://marvel.wikia.com/Henry_McCoy_(Earth-616)#", "Name/Alias": "Henry P. McCoy", "Appearances": 1886, "Current?": "NO", "Gender": "MALE", "Probationary Introl": "Jul-75", "Full/Reserve Avengers Intro": "Sep-76", "Year": 1976, "Years since joining": 39, "Honorary": "Full", "Notes": null, "Death1": 0, "Return1": 0, "Death2": 0, "Return2": 0, "Death3": 0, "Return3": 0, "Death4": 0, "Return4": 0, "Death5": 0, "Return5": 0}, {"URL": "http://marvel.wikia.com/Heather_Douglas_(Earth-616)#", "Name/Alias": "Heather Douglas", "Appearances": 332, "Current?": "NO", "Gender": "FEMALE", "Probationary Introl": "Jul-75", "Full/Reserve Avengers Intro": "Sep-76", "Year": 1976, "Years since joining": 39, "Honorary": "Full", "Notes": "Dies in Defenders_Vol_1_152. Later 'Obtained a new body.' Dies in Annihilation:_Conquest_Vol_1_3. Comes back as \"As before\" also was once named Madame MacEvil because LOL. ", "Death1": 1, "Return1": 1, "Death2": 1, "Return2": 1, "Death3": 0, "Return3": 0, "Death4": 0, "Return4": 0, "Death5": 0, "Return5": 0}, {"URL": "http://marvel.wikia.com/Patricia_Walker_(Earth-616)#", "Name/Alias": "Patsy Walker", "Appearances": 557, "Current?": "NO", "Gender": "FEMALE", "Probationary Introl": "Nov-75", "Full/Reserve Avengers Intro": "Sep-76", "Year": 1976, "Years since joining": 39, "Honorary": "Full", "Notes": "Died during time on Defenders. Eventually ressurected by villian Grim Reaper along with Mockingbird to fight the Avengers. ", "Death1": 1, "Return1": 1, "Death2": 0, "Return2": 0, "Death3": 0, "Return3": 0, "Death4": 0, "Return4": 0, "Death5": 0, "Return5": 0}, {"URL": "http://marvel.wikia.com/Matthew_Hawk_(Earth-616)#", "Name/Alias": "Matthew Liebowitz (birth name)", "Appearances": 197, "Current?": "NO", "Gender": "MALE", "Probationary Introl": null, "Full/Reserve Avengers Intro": "Aug-75", "Year": 1975, "Years since joining": 40, "Honorary": "Full", "Notes": "Died during Return_to_the_Old_West. Resurrected by She Hulk in negotiation with Time Variance Authority. As a time traveller he died in 1938. Did not return", "Death1": 1, "Return1": 1, "Death2": 1, "Return2": 0, "Death3": 0, "Return3": 0, "Death4": 0, "Return4": 0, "Death5": 0, "Return5": 0}, {"URL": "http://marvel.wikia.com/Robert_Frank_(Earth-616)#", "Name/Alias": "Robert L. Frank Sr.", "Appearances": 106, "Current?": "NO", "Gender": "MALE", "Probationary Introl": "Apr-77", "Full/Reserve Avengers Intro": "Jul-78", "Year": 1978, "Years since joining": 37, "Honorary": "Full", "Notes": "Died in Vision_and_the_Scarlet_Witch_Vol_1_2. Did not return however he was eventually cloned but the clone was killed immediately. ", "Death1": 1, "Return1": 0, "Death2": 0, "Return2": 0, "Death3": 0, "Return3": 0, "Death4": 0, "Return4": 0, "Death5": 0, "Return5": 0}, {"URL": "http://marvel.wikia.com/Simon_Williams_(Earth-616)#", "Name/Alias": "Simon Williams", "Appearances": 692, "Current?": "YES", "Gender": "MALE", "Probationary Introl": "Apr-77", "Full/Reserve Avengers Intro": "Mar-79", "Year": 1979, "Years since joining": 36, "Honorary": "Full", "Notes": "Died in Avengers_Vol_1_9. Actually just in a death-like coma. ", "Death1": 1, "Return1": 1, "Death2": 0, "Return2": 0, "Death3": 0, "Return3": 0, "Death4": 0, "Return4": 0, "Death5": 0, "Return5": 0}, {"URL": "http://marvel.wikia.com/Yondu_Udonta_(Earth-691)#", "Name/Alias": "Yondu Udonta", "Appearances": 109, "Current?": "NO", "Gender": "MALE", "Probationary Introl": null, "Full/Reserve Avengers Intro": "Feb-78", "Year": 1978, "Years since joining": 37, "Honorary": "Honorary", "Notes": null, "Death1": 0, "Return1": 0, "Death2": 0, "Return2": 0, "Death3": 0, "Return3": 0, "Death4": 0, "Return4": 0, "Death5": 0, "Return5": 0}, {"URL": "http://marvel.wikia.com/Martinex_T%27Naga_(Earth-691)#", "Name/Alias": "Martinex T'Naga", "Appearances": 100, "Current?": "NO", "Gender": "MALE", "Probationary Introl": null, "Full/Reserve Avengers Intro": "Feb-78", "Year": 1978, "Years since joining": 37, "Honorary": "Honorary", "Notes": null, "Death1": 0, "Return1": 0, "Death2": 0, "Return2": 0, "Death3": 0, "Return3": 0, "Death4": 0, "Return4": 0, "Death5": 0, "Return5": 0}, {"URL": "http://marvel.wikia.com/Charlie-27_(Earth-691)#", "Name/Alias": "Charlie-27", "Appearances": 132, "Current?": "NO", "Gender": "MALE", "Probationary Introl": null, "Full/Reserve Avengers Intro": "Feb-78", "Year": 1978, "Years since joining": 37, "Honorary": "Honorary", "Notes": null, "Death1": 0, "Return1": 0, "Death2": 0, "Return2": 0, "Death3": 0, "Return3": 0, "Death4": 0, "Return4": 0, "Death5": 0, "Return5": 0}, {"URL": "http://marvel.wikia.com/Nicholette_Gold_(Earth-691)#", "Name/Alias": "Nicholette Gold", "Appearances": 108, "Current?": "NO", "Gender": "FEMALE", "Probationary Introl": null, "Full/Reserve Avengers Intro": "Feb-78", "Year": 1978, "Years since joining": 37, "Honorary": "Honorary", "Notes": null, "Death1": 0, "Return1": 0, "Death2": 0, "Return2": 0, "Death3": 0, "Return3": 0, "Death4": 0, "Return4": 0, "Death5": 0, "Return5": 0}, {"URL": "http://marvel.wikia.com/Stakar_Ogord_(Earth-691)#", "Name/Alias": "Stakar", "Appearances": 100, "Current?": "NO", "Gender": "MALE", "Probationary Introl": null, "Full/Reserve Avengers Intro": "Feb-78", "Year": 1978, "Years since joining": 37, "Honorary": "Honorary", "Notes": null, "Death1": 0, "Return1": 0, "Death2": 0, "Return2": 0, "Death3": 0, "Return3": 0, "Death4": 0, "Return4": 0, "Death5": 0, "Return5": 0}, {"URL": "http://marvel.wikia.com/Vance_Astro_(Earth-691)#", "Name/Alias": "Vance Astrovik", "Appearances": 156, "Current?": "NO", "Gender": "MALE", "Probationary Introl": null, "Full/Reserve Avengers Intro": "Feb-78", "Year": 1978, "Years since joining": 37, "Honorary": "Honorary", "Notes": null, "Death1": 0, "Return1": 0, "Death2": 0, "Return2": 0, "Death3": 0, "Return3": 0, "Death4": 0, "Return4": 0, "Death5": 0, "Return5": 0}, {"URL": "http://marvel.wikia.com/Mar-Vell_(Earth-616)#", "Name/Alias": "Mar-Vell", "Appearances": 254, "Current?": "NO", "Gender": "MALE", "Probationary Introl": null, "Full/Reserve Avengers Intro": "Jul-78", "Year": 1978, "Years since joining": 37, "Honorary": "Full", "Notes": "The bad penny of the Marvel universe. First killed in Secret invasion. Revived during the Chaos war. Died again during aformentioned chaos war. Resurrected by the Kree Empire using the\u00e6M'Kraan Crystal. Third death during Avengers vs. X-Men. Has not return", "Death1": 1, "Return1": 1, "Death2": 1, "Return2": 1, "Death3": 1, "Return3": 0, "Death4": 0, "Return4": 0, "Death5": 0, "Return5": 0}, {"URL": "http://marvel.wikia.com/Carol_Danvers_(Earth-616)#", "Name/Alias": "Carol Susan Jane Danvers", "Appearances": 935, "Current?": "YES", "Gender": "FEMALE", "Probationary Introl": null, "Full/Reserve Avengers Intro": "Apr-79", "Year": 1979, "Years since joining": 36, "Honorary": "Full", "Notes": null, "Death1": 0, "Return1": 0, "Death2": 0, "Return2": 0, "Death3": 0, "Return3": 0, "Death4": 0, "Return4": 0, "Death5": 0, "Return5": 0}, {"URL": "http://marvel.wikia.com/Samuel_Wilson_(Earth-616)#", "Name/Alias": "Samuel Thomas Wilson", "Appearances": 576, "Current?": "YES", "Gender": "MALE", "Probationary Introl": null, "Full/Reserve Avengers Intro": "Jun-79", "Year": 1979, "Years since joining": 36, "Honorary": "Full", "Notes": null, "Death1": 0, "Return1": 0, "Death2": 0, "Return2": 0, "Death3": 0, "Return3": 0, "Death4": 0, "Return4": 0, "Death5": 0, "Return5": 0}, {"URL": "http://marvel.wikia.com/Jocasta_(Earth-616)#", "Name/Alias": "Jocasta", "Appearances": 141, "Current?": "YES", "Gender": "FEMALE", "Probationary Introl": "Jul-80", "Full/Reserve Avengers Intro": "Nov-88", "Year": 1988, "Years since joining": 27, "Honorary": "Full", "Notes": "From her article: Death1: \"Defeated Ultron and reversed the process leaving Jocasta a mindless husk.\" Return 1: \"Ultron later revived Jocasta with a remote link activating the mental residue the Wasp left behind\" Death 2: \"Sacrificing herself to try to ki", "Death1": 1, "Return1": 1, "Death2": 1, "Return2": 1, "Death3": 1, "Return3": 1, "Death4": 1, "Return4": 1, "Death5": 1, "Return5": 1}, {"URL": "http://marvel.wikia.com/Greer_Nelson_(Earth-616)#", "Name/Alias": "Greer Grant Nelson", "Appearances": 355, "Current?": "YES", "Gender": "FEMALE", "Probationary Introl": null, "Full/Reserve Avengers Intro": "Sep-81", "Year": 1981, "Years since joining": 34, "Honorary": "Full", "Notes": null, "Death1": 0, "Return1": 0, "Death2": 0, "Return2": 0, "Death3": 0, "Return3": 0, "Death4": 0, "Return4": 0, "Death5": 0, "Return5": 0}, {"URL": "http://marvel.wikia.com/Jennifer_Walters_(Earth-616)#", "Name/Alias": "Jennifer Walters", "Appearances": 933, "Current?": "YES", "Gender": "FEMALE", "Probationary Introl": null, "Full/Reserve Avengers Intro": "Jul-82", "Year": 1982, "Years since joining": 33, "Honorary": "Full", "Notes": "Dies during Red Hulk Saga. Returns when Lyra infiltrates Intelligenica and finds her in statis", "Death1": 1, "Return1": 1, "Death2": 0, "Return2": 0, "Death3": 0, "Return3": 0, "Death4": 0, "Return4": 0, "Death5": 0, "Return5": 0}, {"URL": "http://marvel.wikia.com/Monica_Rambeau_(Earth-616)#", "Name/Alias": "Monica Rambeau", "Appearances": 348, "Current?": "YES", "Gender": "FEMALE", "Probationary Introl": "Jan-83", "Full/Reserve Avengers Intro": "May-83", "Year": 1983, "Years since joining": 32, "Honorary": "Full", "Notes": null, "Death1": 0, "Return1": 0, "Death2": 0, "Return2": 0, "Death3": 0, "Return3": 0, "Death4": 0, "Return4": 0, "Death5": 0, "Return5": 0}, {"URL": "http://marvel.wikia.com/Eros_(Earth-616)#", "Name/Alias": "Eros", "Appearances": 206, "Current?": "NO", "Gender": "MALE", "Probationary Introl": "Jun-83", "Full/Reserve Avengers Intro": "May-84", "Year": 1984, "Years since joining": 31, "Honorary": "Full", "Notes": null, "Death1": 0, "Return1": 0, "Death2": 0, "Return2": 0, "Death3": 0, "Return3": 0, "Death4": 0, "Return4": 0, "Death5": 0, "Return5": 0}, {"URL": "http://marvel.wikia.com/James_Rhodes_(Earth-616)#", "Name/Alias": "James R. Rhodes", "Appearances": 533, "Current?": "NO", "Gender": "MALE", "Probationary Introl": "May-84", "Full/Reserve Avengers Intro": "Sep-84", "Year": 1984, "Years since joining": 31, "Honorary": "Full", "Notes": null, "Death1": 0, "Return1": 0, "Death2": 0, "Return2": 0, "Death3": 0, "Return3": 0, "Death4": 0, "Return4": 0, "Death5": 0, "Return5": 0}, {"URL": "http://marvel.wikia.com/Barbara_Morse_(Earth-616)#", "Name/Alias": "Barbara Barton (nee Morse)", "Appearances": 374, "Current?": "NO", "Gender": "FEMALE", "Probationary Introl": "Jun-84", "Full/Reserve Avengers Intro": "Sep-84", "Year": 1984, "Years since joining": 31, "Honorary": "Full", "Notes": "Killed by Mephisto. After Secret Invasion it turns out she was actually being impersonated by a Skrull the whole time and was alive and well. ", "Death1": 1, "Return1": 1, "Death2": 0, "Return2": 0, "Death3": 0, "Return3": 0, "Death4": 0, "Return4": 0, "Death5": 0, "Return5": 0}, {"URL": "http://marvel.wikia.com/Moira_Brandon_(Earth-616)#", "Name/Alias": "Moira Brandon", "Appearances": 2, "Current?": "NO", "Gender": "FEMALE", "Probationary Introl": null, "Full/Reserve Avengers Intro": "Nov-93", "Year": 1993, "Years since joining": 22, "Honorary": "Honorary", "Notes": "Died in her second appearance earns honorary Avengers status doing so. Stays dead. ", "Death1": 1, "Return1": 0, "Death2": 0, "Return2": 0, "Death3": 0, "Return3": 0, "Death4": 0, "Return4": 0, "Death5": 0, "Return5": 0}, {"URL": "http://marvel.wikia.com/Benjamin_Grimm_(Earth-616)#", "Name/Alias": "Benjamin Jacob Grimm", "Appearances": 2305, "Current?": "NO", "Gender": "MALE", "Probationary Introl": null, "Full/Reserve Avengers Intro": "Jun-86", "Year": 1986, "Years since joining": 29, "Honorary": "Full", "Notes": "Once killed during a battle with Doctor Doom.' Brought back by the FF when they literally went to Heaven to get him. ", "Death1": 1, "Return1": 1, "Death2": 0, "Return2": 0, "Death3": 0, "Return3": 0, "Death4": 0, "Return4": 0, "Death5": 0, "Return5": 0}, {"URL": "http://marvel.wikia.com/Bonita_Juarez_(Earth-616)#", "Name/Alias": "Bonita Juarez", "Appearances": 83, "Current?": "NO", "Gender": "FEMALE", "Probationary Introl": null, "Full/Reserve Avengers Intro": "Sep-87", "Year": 1987, "Years since joining": 28, "Honorary": "Full", "Notes": null, "Death1": 0, "Return1": 0, "Death2": 0, "Return2": 0, "Death3": 0, "Return3": 0, "Death4": 0, "Return4": 0, "Death5": 0, "Return5": 0}, {"URL": "http://marvel.wikia.com/Marc_Spector_(Earth-616)#", "Name/Alias": "Marc Spector", "Appearances": 402, "Current?": "NO", "Gender": "MALE", "Probationary Introl": "Sep-87", "Full/Reserve Avengers Intro": "Jun-88", "Year": 1988, "Years since joining": 27, "Honorary": "Full", "Notes": "NA but he he did die and return to get his powers prior to joining the Avengers. ", "Death1": 0, "Return1": 0, "Death2": 0, "Return2": 0, "Death3": 0, "Return3": 0, "Death4": 0, "Return4": 0, "Death5": 0, "Return5": 0}, {"URL": "http://marvel.wikia.com/John_Walker_(Earth-616)#", "Name/Alias": "John F. Walker", "Appearances": 352, "Current?": "NO", "Gender": "MALE", "Probationary Introl": null, "Full/Reserve Avengers Intro": "May-89", "Year": 1989, "Years since joining": 26, "Honorary": "Full", "Notes": null, "Death1": 0, "Return1": 0, "Death2": 0, "Return2": 0, "Death3": 0, "Return3": 0, "Death4": 0, "Return4": 0, "Death5": 0, "Return5": 0}, {"URL": "http://marvel.wikia.com/Human_Torch_(Android)_(Earth-616)#", "Name/Alias": "Jim Hammond (alias)", "Appearances": 565, "Current?": "NO", "Gender": "MALE", "Probationary Introl": null, "Full/Reserve Avengers Intro": "Nov-89", "Year": 1989, "Years since joining": 26, "Honorary": "Full", "Notes": "Dies during New Invaders. Was \"was revived as a living weapon the Thinker intended to sell.\" Prior to joining the avengers he had died like 2 times in the 40s. ", "Death1": 1, "Return1": 1, "Death2": 0, "Return2": 0, "Death3": 0, "Return3": 0, "Death4": 0, "Return4": 0, "Death5": 0, "Return5": 0}, {"URL": "http://marvel.wikia.com/Miguel_Santos_(Earth-616)#", "Name/Alias": "Miguel Santos", "Appearances": 112, "Current?": "NO", "Gender": "MALE", "Probationary Introl": null, "Full/Reserve Avengers Intro": "Apr-91", "Year": 1991, "Years since joining": 24, "Honorary": "Full", "Notes": "NA: Has not died since joing the Avengers but prior to joining he fought the West Coast avengers and seemingly died. Later turned up under control of a villain", "Death1": 0, "Return1": 0, "Death2": 0, "Return2": 0, "Death3": 0, "Return3": 0, "Death4": 0, "Return4": 0, "Death5": 0, "Return5": 0}, {"URL": "http://marvel.wikia.com/Julia_Carpenter_(Earth-616)#", "Name/Alias": "Julia Carpenter", "Appearances": 218, "Current?": "NO", "Gender": "FEMALE", "Probationary Introl": null, "Full/Reserve Avengers Intro": "Sep-92", "Year": 1992, "Years since joining": 23, "Honorary": "Full", "Notes": null, "Death1": 0, "Return1": 0, "Death2": 0, "Return2": 0, "Death3": 0, "Return3": 0, "Death4": 0, "Return4": 0, "Death5": 0, "Return5": 0}, {"URL": "http://marvel.wikia.com/2ZP45-9-X-51_(Earth-616)#", "Name/Alias": "X-51", "Appearances": 149, "Current?": "NO", "Gender": "MALE", "Probationary Introl": null, "Full/Reserve Avengers Intro": "Jun-92", "Year": 1992, "Years since joining": 23, "Honorary": "Full", "Notes": "Died in Deathlok Vol 2 #5. JK that was actually just a Life Model Decoy", "Death1": 1, "Return1": 1, "Death2": 0, "Return2": 0, "Death3": 0, "Return3": 0, "Death4": 0, "Return4": 0, "Death5": 0, "Return5": 0}, {"URL": "http://marvel.wikia.com/Chris_Powell_(Earth-616)#", "Name/Alias": "Christopher Powell", "Appearances": 168, "Current?": "NO", "Gender": "MALE", "Probationary Introl": null, "Full/Reserve Avengers Intro": "May-93", "Year": 1993, "Years since joining": 22, "Honorary": "Full", "Notes": null, "Death1": 0, "Return1": 0, "Death2": 0, "Return2": 0, "Death3": 0, "Return3": 0, "Death4": 0, "Return4": 0, "Death5": 0, "Return5": 0}, {"URL": "http://marvel.wikia.com/Namor_McKenzie_(Earth-616)#", "Name/Alias": "Namor McKenzie", "Appearances": 1561, "Current?": "NO", "Gender": "MALE", "Probationary Introl": null, "Full/Reserve Avengers Intro": "Dec-85", "Year": 1985, "Years since joining": 30, "Honorary": "Full", "Notes": "Namor was presumed killed in the battle with Atlantean Barbarians. Had actually survived and turned up in the South Pacific", "Death1": 1, "Return1": 1, "Death2": 0, "Return2": 0, "Death3": 0, "Return3": 0, "Death4": 0, "Return4": 0, "Death5": 0, "Return5": 0}, {"URL": "http://marvel.wikia.com/Scott_Lang_(Earth-616)#", "Name/Alias": "Scott Edward Harris Lang", "Appearances": 217, "Current?": "NO", "Gender": "MALE", "Probationary Introl": "Jan-87", "Full/Reserve Avengers Intro": "3-Feb", "Year": 2003, "Years since joining": 12, "Honorary": "Full", "Notes": "Died in Avengers:_Disassembled. Was brought back in the Young Avengers: Children's Crusade arc because time travel but take my word for it it was actually kind of well done. ", "Death1": 1, "Return1": 1, "Death2": 0, "Return2": 0, "Death3": 0, "Return3": 0, "Death4": 0, "Return4": 0, "Death5": 0, "Return5": 0}, {"URL": "http://marvel.wikia.com/Anthony_Druid_(Earth-616)#", "Name/Alias": "Anthony Ludgate Druid", "Appearances": 158, "Current?": "NO", "Gender": "MALE", "Probationary Introl": null, "Full/Reserve Avengers Intro": "Apr-87", "Year": 1987, "Years since joining": 28, "Honorary": "Honorary", "Notes": "Shot with a Breathing gun and corpse dumped in trash. Revived by the Grim Reaper. Helped Avengers defeat the Reaper so his spirit could remain at peace. Later completely revived by the Chaos King.", "Death1": 1, "Return1": 1, "Death2": 1, "Return2": 1, "Death3": 0, "Return3": 0, "Death4": 0, "Return4": 0, "Death5": 0, "Return5": 0}, {"URL": "http://marvel.wikia.com/Marrina_Smallwood_(Earth-616)#", "Name/Alias": "Marrina Smallwood", "Appearances": 86, "Current?": "NO", "Gender": "FEMALE", "Probationary Introl": null, "Full/Reserve Avengers Intro": "Dec-87", "Year": 1987, "Years since joining": 28, "Honorary": "Full", "Notes": "Killed by Namor with the Ebony Blade. Returned when The Master put her in a statis tube. Death 2 was when Namor mercy killed her. Returned to life a second time by the Chaos King. ", "Death1": 1, "Return1": 1, "Death2": 1, "Return2": 1, "Death3": 0, "Return3": 0, "Death4": 0, "Return4": 0, "Death5": 0, "Return5": 0}, {"URL": "http://marvel.wikia.com/Ravonna_Renslayer_(Earth-6311)#", "Name/Alias": "Ravonna Lexus Renslayer", "Appearances": 41, "Current?": "NO", "Gender": "FEMALE", "Probationary Introl": null, "Full/Reserve Avengers Intro": "May-88", "Year": 1988, "Years since joining": 27, "Honorary": "Full", "Notes": "Killed in Avengers_Vol_1_24. Revived by the Grandmaster. Died in Avengers:_Forever_Vol_1_3.", "Death1": 1, "Return1": 1, "Death2": 1, "Return2": 0, "Death3": 0, "Return3": 0, "Death4": 0, "Return4": 0, "Death5": 0, "Return5": 0}, {"URL": "http://marvel.wikia.com/Rita_DeMara_(Earth-616)#", "Name/Alias": "Rita DeMara", "Appearances": 68, "Current?": "NO", "Gender": "FEMALE", "Probationary Introl": null, "Full/Reserve Avengers Intro": "Nov-88", "Year": 1988, "Years since joining": 27, "Honorary": "Honorary", "Notes": "Killed by Iron Man when he was controlled by Immortus. Revived during Chaos war. ", "Death1": 1, "Return1": 1, "Death2": 0, "Return2": 0, "Death3": 0, "Return3": 0, "Death4": 0, "Return4": 0, "Death5": 0, "Return5": 0}, {"URL": "http://marvel.wikia.com/Dennis_Dunphy_(Earth-616)#", "Name/Alias": "Dennis Dunphy", "Appearances": 70, "Current?": "NO", "Gender": "MALE", "Probationary Introl": null, "Full/Reserve Avengers Intro": "Jan-88", "Year": 1988, "Years since joining": 27, "Honorary": "Full", "Notes": "Died in Captain_America_348. Actually \"Dunphy miraculously survived the crash and lived with an Inuit tribe.\" Second death when killed by Sharon Carter.  ", "Death1": 1, "Return1": 1, "Death2": 1, "Return2": 0, "Death3": 0, "Return3": 0, "Death4": 0, "Return4": 0, "Death5": 0, "Return5": 0}, {"URL": "http://marvel.wikia.com/Gilgamesh_(Earth-616)#", "Name/Alias": null, "Appearances": 61, "Current?": "NO", "Gender": "MALE", "Probationary Introl": null, "Full/Reserve Avengers Intro": "Feb-89", "Year": 1989, "Years since joining": 26, "Honorary": "Full", "Notes": "Killed by Neut who was working for Immortus. Reborn into a new body. ", "Death1": 1, "Return1": 1, "Death2": 0, "Return2": 0, "Death3": 0, "Return3": 0, "Death4": 0, "Return4": 0, "Death5": 0, "Return5": 0}, {"URL": "http://marvel.wikia.com/Reed_Richards_(Earth-616)#", "Name/Alias": "Reed Richards", "Appearances": 2125, "Current?": "YES", "Gender": "MALE", "Probationary Introl": null, "Full/Reserve Avengers Intro": "Feb-89", "Year": 1989, "Years since joining": 26, "Honorary": "Full", "Notes": null, "Death1": 0, "Return1": 0, "Death2": 0, "Return2": 0, "Death3": 0, "Return3": 0, "Death4": 0, "Return4": 0, "Death5": 0, "Return5": 0}, {"URL": "http://marvel.wikia.com/Susan_Storm_(Earth-616)#", "Name/Alias": "Susan Richards (nee Storm)", "Appearances": 1761, "Current?": "NO", "Gender": "MALE", "Probationary Introl": null, "Full/Reserve Avengers Intro": "Feb-89", "Year": 1989, "Years since joining": 26, "Honorary": "Full", "Notes": null, "Death1": 0, "Return1": 0, "Death2": 0, "Return2": 0, "Death3": 0, "Return3": 0, "Death4": 0, "Return4": 0, "Death5": 0, "Return5": 0}, {"URL": "http://marvel.wikia.com/Wendell_Vaughn_(Earth-616)#", "Name/Alias": "Wendell Elvis Vaughn", "Appearances": 293, "Current?": "NO", "Gender": "MALE", "Probationary Introl": null, "Full/Reserve Avengers Intro": "Oct-89", "Year": 1989, "Years since joining": 26, "Honorary": "Full", "Notes": "Killed by the Cosmic Assassin. Actually turned into a being composed of pure energy. ", "Death1": 1, "Return1": 1, "Death2": 0, "Return2": 0, "Death3": 0, "Return3": 0, "Death4": 0, "Return4": 0, "Death5": 0, "Return5": 0}, {"URL": "http://marvel.wikia.com/Ashley_Crawford_(Earth-616)#", "Name/Alias": "Ashley Crawford", "Appearances": 36, "Current?": "YES", "Gender": "FEMALE", "Probationary Introl": null, "Full/Reserve Avengers Intro": "Jul-89", "Year": 1989, "Years since joining": 26, "Honorary": "Full", "Notes": null, "Death1": 0, "Return1": 0, "Death2": 0, "Return2": 0, "Death3": 0, "Return3": 0, "Death4": 0, "Return4": 0, "Death5": 0, "Return5": 0}, {"URL": "http://marvel.wikia.com/Dinah_Soar_(Earth-616)#", "Name/Alias": null, "Appearances": 22, "Current?": "NO", "Gender": "FEMALE", "Probationary Introl": null, "Full/Reserve Avengers Intro": "Jul-89", "Year": 1989, "Years since joining": 26, "Honorary": "Full", "Notes": "Died in Great_Lakes_Avengers_Vol_1_1. Has not returned", "Death1": 1, "Return1": 0, "Death2": 0, "Return2": 0, "Death3": 0, "Return3": 0, "Death4": 0, "Return4": 0, "Death5": 0, "Return5": 0}, {"URL": "http://marvel.wikia.com/DeMarr_Davis_(Earth-616)#", "Name/Alias": "DeMarr Davis", "Appearances": 31, "Current?": "YES", "Gender": "MALE", "Probationary Introl": null, "Full/Reserve Avengers Intro": "Jul-89", "Year": 1989, "Years since joining": 26, "Honorary": "Full", "Notes": "Sacrificed self so that Mr. Immortal could stop the villain Maelstrom. Returned as the Angel of Death. ", "Death1": 1, "Return1": 1, "Death2": 0, "Return2": 0, "Death3": 0, "Return3": 0, "Death4": 0, "Return4": 0, "Death5": 0, "Return5": 0}, {"URL": "http://marvel.wikia.com/Val_Ventura_(Earth-616)#", "Name/Alias": "Val Ventura", "Appearances": 34, "Current?": "YES", "Gender": "MALE", "Probationary Introl": null, "Full/Reserve Avengers Intro": "Jul-89", "Year": 1989, "Years since joining": 26, "Honorary": "Full", "Notes": null, "Death1": 0, "Return1": 0, "Death2": 0, "Return2": 0, "Death3": 0, "Return3": 0, "Death4": 0, "Return4": 0, "Death5": 0, "Return5": 0}, {"URL": "http://marvel.wikia.com/Craig_Hollis_(Earth-616)#", "Name/Alias": "Craig Hollis", "Appearances": 33, "Current?": "YES", "Gender": "MALE", "Probationary Introl": null, "Full/Reserve Avengers Intro": "Jul-89", "Year": 1989, "Years since joining": 26, "Honorary": "Full", "Notes": "Christ; where to begin. His superpower is that he cannot die when he dies he immediately comes back. The Wikia inventories 24 deaths. These will be excluded from the analysis. ", "Death1": 0, "Return1": 0, "Death2": 0, "Return2": 0, "Death3": 0, "Return3": 0, "Death4": 0, "Return4": 0, "Death5": 0, "Return5": 0}, {"URL": "http://marvel.wikia.com/Gene_Lorrene_(Earth-616)#", "Name/Alias": "Gene Lorrene", "Appearances": 4, "Current?": "NO", "Gender": "MALE", "Probationary Introl": null, "Full/Reserve Avengers Intro": "5-Apr", "Year": 2005, "Years since joining": 10, "Honorary": "Full", "Notes": null, "Death1": 0, "Return1": 0, "Death2": 0, "Return2": 0, "Death3": 0, "Return3": 0, "Death4": 0, "Return4": 0, "Death5": 0, "Return5": 0}, {"URL": "http://marvel.wikia.com/Doreen_Green_(Earth-616)#", "Name/Alias": "Dorreen Green", "Appearances": 47, "Current?": "NO", "Gender": "FEMALE", "Probationary Introl": null, "Full/Reserve Avengers Intro": "5-May", "Year": 2005, "Years since joining": 10, "Honorary": "Full", "Notes": null, "Death1": 0, "Return1": 0, "Death2": 0, "Return2": 0, "Death3": 0, "Return3": 0, "Death4": 0, "Return4": 0, "Death5": 0, "Return5": 0}, {"URL": "http://marvel.wikia.com/Monkey_Joe_(Earth-616)#", "Name/Alias": null, "Appearances": 7, "Current?": "NO", "Gender": "MALE", "Probationary Introl": null, "Full/Reserve Avengers Intro": "5-May", "Year": 2005, "Years since joining": 10, "Honorary": "Full", "Notes": "Killed by Leather Boy", "Death1": 1, "Return1": 0, "Death2": 0, "Return2": 0, "Death3": 0, "Return3": 0, "Death4": 0, "Return4": 0, "Death5": 0, "Return5": 0}, {"URL": "http://marvel.wikia.com/Doug_Taggert_(Earth-616)#", "Name/Alias": "Doug Taggert", "Appearances": 3, "Current?": "NO", "Gender": "MALE", "Probationary Introl": null, "Full/Reserve Avengers Intro": "5-May", "Year": 2005, "Years since joining": 10, "Honorary": "Full", "Notes": "Accidently killed by Zaran", "Death1": 1, "Return1": 0, "Death2": 0, "Return2": 0, "Death3": 0, "Return3": 0, "Death4": 0, "Return4": 0, "Death5": 0, "Return5": 0}, {"URL": "http://marvel.wikia.com/Tippy-Toe_(Earth-616)#", "Name/Alias": null, "Appearances": 16, "Current?": "NO", "Gender": "FEMALE", "Probationary Introl": null, "Full/Reserve Avengers Intro": "5-Jul", "Year": 2005, "Years since joining": 10, "Honorary": "Full", "Notes": null, "Death1": 0, "Return1": 0, "Death2": 0, "Return2": 0, "Death3": 0, "Return3": 0, "Death4": 0, "Return4": 0, "Death5": 0, "Return5": 0}, {"URL": "http://marvel.wikia.com/Wade_Wilson_(Earth-616)#", "Name/Alias": "Wade Wilson", "Appearances": 575, "Current?": "NO", "Gender": "MALE", "Probationary Introl": null, "Full/Reserve Avengers Intro": "7-Sep", "Year": 2007, "Years since joining": 8, "Honorary": "Full", "Notes": "Died during incursion. It's not ever particulalry clear if he ever joined an Avengers team besides one issue so his inclusion here is specious at best. ", "Death1": 1, "Return1": 0, "Death2": 0, "Return2": 0, "Death3": 0, "Return3": 0, "Death4": 0, "Return4": 0, "Death5": 0, "Return5": 0}, {"URL": "http://marvel.wikia.com/Greg_Willis_(Earth-616)#", "Name/Alias": "Greg Willis", "Appearances": 58, "Current?": "NO", "Gender": "MALE", "Probationary Introl": null, "Full/Reserve Avengers Intro": "9-Aug", "Year": 2009, "Years since joining": 6, "Honorary": "Full", "Notes": "Died on Battleworld and came back prior to joining avengers", "Death1": 0, "Return1": 0, "Death2": 0, "Return2": 0, "Death3": 0, "Return3": 0, "Death4": 0, "Return4": 0, "Death5": 0, "Return5": 0}, {"URL": "http://marvel.wikia.com/Sersi_(Earth-616)#", "Name/Alias": "Circe", "Appearances": 237, "Current?": "NO", "Gender": "FEMALE", "Probationary Introl": null, "Full/Reserve Avengers Intro": "Feb-90", "Year": 1990, "Years since joining": 25, "Honorary": "Full", "Notes": null, "Death1": 0, "Return1": 0, "Death2": 0, "Return2": 0, "Death3": 0, "Return3": 0, "Death4": 0, "Return4": 0, "Death5": 0, "Return5": 0}, {"URL": "http://marvel.wikia.com/Peter_Parker_(Earth-616)#", "Name/Alias": "Peter Benjamin Parker", "Appearances": 4333, "Current?": "YES", "Gender": "MALE", "Probationary Introl": null, "Full/Reserve Avengers Intro": "Apr-90", "Year": 1990, "Years since joining": 25, "Honorary": "Full", "Notes": "Since joining the New Avengers: First death Killed by Morlun. Ressurected in a brand new body. Died in Amazing Spider-Man #700. Eventually mainfested in his body that Octavious stole and then took over again. ", "Death1": 1, "Return1": 1, "Death2": 1, "Return2": 1, "Death3": 0, "Return3": 0, "Death4": 0, "Return4": 0, "Death5": 0, "Return5": 0}, {"URL": "http://marvel.wikia.com/Walter_Newell_(Earth-616)#", "Name/Alias": "Walter Newell", "Appearances": 126, "Current?": "NO", "Gender": "MALE", "Probationary Introl": null, "Full/Reserve Avengers Intro": "Jul-90", "Year": 1990, "Years since joining": 25, "Honorary": "Full", "Notes": null, "Death1": 0, "Return1": 0, "Death2": 0, "Return2": 0, "Death3": 0, "Return3": 0, "Death4": 0, "Return4": 0, "Death5": 0, "Return5": 0}, {"URL": "http://marvel.wikia.com/Elvin_Haliday_(Earth-616)#", "Name/Alias": "Elvin Haliday", "Appearances": 158, "Current?": "NO", "Gender": "MALE", "Probationary Introl": "Feb-91", "Full/Reserve Avengers Intro": null, "Year": 1900, "Years since joining": 115, "Honorary": "Probationary", "Notes": null, "Death1": 0, "Return1": 0, "Death2": 0, "Return2": 0, "Death3": 0, "Return3": 0, "Death4": 0, "Return4": 0, "Death5": 0, "Return5": 0}, {"URL": "http://marvel.wikia.com/William_Baker_(Earth-616)#", "Name/Alias": "William Baker", "Appearances": 355, "Current?": "NO", "Gender": "MALE", "Probationary Introl": "Feb-91", "Full/Reserve Avengers Intro": null, "Year": 1900, "Years since joining": 115, "Honorary": "Probationary", "Notes": "Died in Identity_Disc_Vol_1_1. Later was revealed to be alive and working along with the Vulture.", "Death1": 1, "Return1": 1, "Death2": 0, "Return2": 0, "Death3": 0, "Return3": 0, "Death4": 0, "Return4": 0, "Death5": 0, "Return5": 0}, {"URL": "http://marvel.wikia.com/Crystalia_Amaquelin_(Earth-616)#", "Name/Alias": "Crystal Amaquelin Maximoff", "Appearances": 517, "Current?": "NO", "Gender": "FEMALE", "Probationary Introl": "Aug-91", "Full/Reserve Avengers Intro": "Jan-92", "Year": 1992, "Years since joining": 23, "Honorary": "Full", "Notes": null, "Death1": 0, "Return1": 0, "Death2": 0, "Return2": 0, "Death3": 0, "Return3": 0, "Death4": 0, "Return4": 0, "Death5": 0, "Return5": 0}, {"URL": "http://marvel.wikia.com/Eric_Masterson_(Earth-616)#", "Name/Alias": "Eric Kevin Masterson", "Appearances": 202, "Current?": "NO", "Gender": "MALE", "Probationary Introl": null, "Full/Reserve Avengers Intro": "Jan-92", "Year": 1992, "Years since joining": 23, "Honorary": "Full", "Notes": "Became posessed died to purge self of corruption. Revived as undead Avenger minion of the Grim Reaper. Returned to the spirit world by the Scarlet Witch. Has since stayed dead. ", "Death1": 1, "Return1": 1, "Death2": 1, "Return2": 0, "Death3": 0, "Return3": 0, "Death4": 0, "Return4": 0, "Death5": 0, "Return5": 0}, {"URL": "http://marvel.wikia.com/Philip_Javert_(Earth-921)#", "Name/Alias": "Phillip Javert", "Appearances": 31, "Current?": "NO", "Gender": "MALE", "Probationary Introl": null, "Full/Reserve Avengers Intro": "Dec-92", "Year": 1992, "Years since joining": 23, "Honorary": "Honorary", "Notes": null, "Death1": 0, "Return1": 0, "Death2": 0, "Return2": 0, "Death3": 0, "Return3": 0, "Death4": 0, "Return4": 0, "Death5": 0, "Return5": 0}, {"URL": "http://marvel.wikia.com/Melissa_Darrow_(Earth-9201)#", "Name/Alias": null, "Appearances": 28, "Current?": "NO", "Gender": "FEMALE", "Probationary Introl": null, "Full/Reserve Avengers Intro": "Jun-93", "Year": 1993, "Years since joining": 22, "Honorary": "Honorary", "Notes": null, "Death1": 0, "Return1": 0, "Death2": 0, "Return2": 0, "Death3": 0, "Return3": 0, "Death4": 0, "Return4": 0, "Death5": 0, "Return5": 0}, {"URL": "http://marvel.wikia.com/Deathcry_(Earth-616)#", "Name/Alias": null, "Appearances": 50, "Current?": "NO", "Gender": "FEMALE", "Probationary Introl": null, "Full/Reserve Avengers Intro": "Jul-93", "Year": 1993, "Years since joining": 22, "Honorary": "Honorary", "Notes": " Reduced her to a pile of bones and organsby Vargas. Brought back by Chaos King. Died second time in Chaos_War:_Dead_Avengers_Vol_1_3", "Death1": 1, "Return1": 1, "Death2": 1, "Return2": 0, "Death3": 0, "Return3": 0, "Death4": 0, "Return4": 0, "Death5": 0, "Return5": 0}, {"URL": "http://marvel.wikia.com/Anthony_Stark_(Earth-96020)#", "Name/Alias": "Anthony Edward Stark", "Appearances": 27, "Current?": "NO", "Gender": "MALE", "Probationary Introl": null, "Full/Reserve Avengers Intro": "Feb-96", "Year": 1996, "Years since joining": 19, "Honorary": "Full", "Notes": "Merged with 616 Tony Stark", "Death1": 1, "Return1": 0, "Death2": 0, "Return2": 0, "Death3": 0, "Return3": 0, "Death4": 0, "Return4": 0, "Death5": 0, "Return5": 0}, {"URL": "http://marvel.wikia.com/Giuletta_Nefaria_(Masque)_(Earth-616)#", "Name/Alias": "\"Giulietta Nefaria\"", "Appearances": 18, "Current?": "NO", "Gender": "FEMALE", "Probationary Introl": null, "Full/Reserve Avengers Intro": "Apr-96", "Year": 1996, "Years since joining": 19, "Honorary": "Honorary", "Notes": "Whitney killed was a clone possibly this incarnation of Masque'", "Death1": 1, "Return1": 0, "Death2": 0, "Return2": 0, "Death3": 0, "Return3": 0, "Death4": 0, "Return4": 0, "Death5": 0, "Return5": 0}, {"URL": "http://marvel.wikia.com/Vance_Astrovik_(Earth-616)#", "Name/Alias": "Vance Astrovik", "Appearances": 302, "Current?": "NO", "Gender": "MALE", "Probationary Introl": null, "Full/Reserve Avengers Intro": "May-98", "Year": 1998, "Years since joining": 17, "Honorary": "Full", "Notes": null, "Death1": 0, "Return1": 0, "Death2": 0, "Return2": 0, "Death3": 0, "Return3": 0, "Death4": 0, "Return4": 0, "Death5": 0, "Return5": 0}, {"URL": "http://marvel.wikia.com/Angelica_Jones_(Earth-616)#", "Name/Alias": "Angelica Jones", "Appearances": 330, "Current?": "NO", "Gender": "FEMALE", "Probationary Introl": null, "Full/Reserve Avengers Intro": "May-98", "Year": 1998, "Years since joining": 17, "Honorary": "Full", "Notes": null, "Death1": 0, "Return1": 0, "Death2": 0, "Return2": 0, "Death3": 0, "Return3": 0, "Death4": 0, "Return4": 0, "Death5": 0, "Return5": 0}, {"URL": "http://marvel.wikia.com/Delroy_Garrett_Jr._(Earth-616)#", "Name/Alias": "Delroy Garrett Jr.", "Appearances": 101, "Current?": "NO", "Gender": "MALE", "Probationary Introl": null, "Full/Reserve Avengers Intro": "Apr-00", "Year": 2000, "Years since joining": 15, "Honorary": "Full", "Notes": null, "Death1": 0, "Return1": 0, "Death2": 0, "Return2": 0, "Death3": 0, "Return3": 0, "Death4": 0, "Return4": 0, "Death5": 0, "Return5": 0}, {"URL": "http://marvel.wikia.com/Maria_de_Guadalupe_Santiago_(Earth-616)#", "Name/Alias": "Maria de Guadalupe Santiago", "Appearances": 43, "Current?": "NO", "Gender": "FEMALE", "Probationary Introl": null, "Full/Reserve Avengers Intro": "Jul-00", "Year": 2000, "Years since joining": 15, "Honorary": "Full", "Notes": null, "Death1": 0, "Return1": 0, "Death2": 0, "Return2": 0, "Death3": 0, "Return3": 0, "Death4": 0, "Return4": 0, "Death5": 0, "Return5": 0}, {"URL": "http://marvel.wikia.com/Jonathan_Hart_(Earth-616)#", "Name/Alias": "Jonathan Hart", "Appearances": 126, "Current?": "NO", "Gender": "MALE", "Probationary Introl": null, "Full/Reserve Avengers Intro": "1-Aug", "Year": 2001, "Years since joining": 14, "Honorary": "Full", "Notes": "First died in a zero energy explosion in space. Body was apparently reanimated by Scarlet Witch. Abruptly exploded killing Scott Lang as well. Second return in Marvel_Zombies_Supreme_Vol_1_2. ", "Death1": 1, "Return1": 1, "Death2": 1, "Return2": 1, "Death3": 0, "Return3": 0, "Death4": 0, "Return4": 0, "Death5": 0, "Return5": 0}, {"URL": "http://marvel.wikia.com/Kelsey_Leigh_(Earth-616)#", "Name/Alias": "Kelsey Leigh Shorr", "Appearances": 24, "Current?": "NO", "Gender": "FEMALE", "Probationary Introl": null, "Full/Reserve Avengers Intro": "4-Jun", "Year": 2004, "Years since joining": 11, "Honorary": "Full", "Notes": null, "Death1": 0, "Return1": 0, "Death2": 0, "Return2": 0, "Death3": 0, "Return3": 0, "Death4": 0, "Return4": 0, "Death5": 0, "Return5": 0}, {"URL": "http://marvel.wikia.com/Luke_Cage_(Earth-616)#", "Name/Alias": "Carl Lucas", "Appearances": 886, "Current?": "YES", "Gender": "MALE", "Probationary Introl": null, "Full/Reserve Avengers Intro": "5-Mar", "Year": 2005, "Years since joining": 10, "Honorary": "Full", "Notes": null, "Death1": 0, "Return1": 0, "Death2": 0, "Return2": 0, "Death3": 0, "Return3": 0, "Death4": 0, "Return4": 0, "Death5": 0, "Return5": 0}, {"URL": "http://marvel.wikia.com/Veranke_(Earth-616)#", "Name/Alias": "Veranke", "Appearances": 159, "Current?": "NO", "Gender": "FEMALE", "Probationary Introl": null, "Full/Reserve Avengers Intro": "5-Mar", "Year": 2005, "Years since joining": 10, "Honorary": "Full", "Notes": "Killed by Norman Osbourne. Has not returned. ", "Death1": 1, "Return1": 0, "Death2": 0, "Return2": 0, "Death3": 0, "Return3": 0, "Death4": 0, "Return4": 0, "Death5": 0, "Return5": 0}, {"URL": "http://marvel.wikia.com/James_Howlett_(Earth-616)#", "Name/Alias": "James \"Logan\" Howlett", "Appearances": 3130, "Current?": "YES", "Gender": "MALE", "Probationary Introl": null, "Full/Reserve Avengers Intro": "5-Jun", "Year": 2005, "Years since joining": 10, "Honorary": "Full", "Notes": "Died in Death_of_Wolverine_Vol_1_4. Has not yet returned", "Death1": 1, "Return1": 0, "Death2": 0, "Return2": 0, "Death3": 0, "Return3": 0, "Death4": 0, "Return4": 0, "Death5": 0, "Return5": 0}, {"URL": "http://marvel.wikia.com/Robert_Reynolds_(Earth-616)#", "Name/Alias": "Robert Reynolds", "Appearances": 241, "Current?": "NO", "Gender": "MALE", "Probationary Introl": null, "Full/Reserve Avengers Intro": "5-Oct", "Year": 2005, "Years since joining": 10, "Honorary": "Full", "Notes": "Died during Seige. Brought back to life by the Apocalypse twins as a horseman of death in Uncanny_Avengers_Vol_1_9.", "Death1": 1, "Return1": 1, "Death2": 0, "Return2": 0, "Death3": 0, "Return3": 0, "Death4": 0, "Return4": 0, "Death5": 0, "Return5": 0}, {"URL": "http://marvel.wikia.com/Maya_Lopez_(Earth-616)#", "Name/Alias": "Maya Lopez", "Appearances": 67, "Current?": "NO", "Gender": "FEMALE", "Probationary Introl": null, "Full/Reserve Avengers Intro": "5-Nov", "Year": 2005, "Years since joining": 10, "Honorary": "Full", "Notes": "First death 'had been murdered in a fight with Elektra.' \"Revived by Elektra and the Hand with their dark magic.\" Died in most recent run of Moon Knight has not yet returned.", "Death1": 1, "Return1": 1, "Death2": 1, "Return2": 0, "Death3": 0, "Return3": 0, "Death4": 0, "Return4": 0, "Death5": 0, "Return5": 0}, {"URL": "http://marvel.wikia.com/Nathaniel_Richards_(Iron_Lad)_(Earth-6311)#", "Name/Alias": "Nathaniel Richards", "Appearances": 23, "Current?": "NO", "Gender": "MALE", "Probationary Introl": null, "Full/Reserve Avengers Intro": "5-Apr", "Year": 2005, "Years since joining": 10, "Honorary": "Full", "Notes": "NA is actually Kang but let's just not go there.", "Death1": 0, "Return1": 0, "Death2": 0, "Return2": 0, "Death3": 0, "Return3": 0, "Death4": 0, "Return4": 0, "Death5": 0, "Return5": 0}, {"URL": "http://marvel.wikia.com/Elijah_Bradley_(Earth-616)#", "Name/Alias": "Elijah Bradley", "Appearances": 103, "Current?": "NO", "Gender": "MALE", "Probationary Introl": null, "Full/Reserve Avengers Intro": "5-Apr", "Year": 2005, "Years since joining": 10, "Honorary": "Full", "Notes": null, "Death1": 0, "Return1": 0, "Death2": 0, "Return2": 0, "Death3": 0, "Return3": 0, "Death4": 0, "Return4": 0, "Death5": 0, "Return5": 0}, {"URL": "http://marvel.wikia.com/William_Kaplan_(Earth-616)#", "Name/Alias": "William \"Billy\" Kaplan", "Appearances": 123, "Current?": "YES", "Gender": "MALE", "Probationary Introl": null, "Full/Reserve Avengers Intro": "5-Apr", "Year": 2005, "Years since joining": 10, "Honorary": "Full", "Notes": null, "Death1": 0, "Return1": 0, "Death2": 0, "Return2": 0, "Death3": 0, "Return3": 0, "Death4": 0, "Return4": 0, "Death5": 0, "Return5": 0}, {"URL": "http://marvel.wikia.com/Dorrek_VIII_(Earth-616)#", "Name/Alias": "Dorrek VIII/Theodore \"Teddy\" Altman", "Appearances": 110, "Current?": "YES", "Gender": "MALE", "Probationary Introl": null, "Full/Reserve Avengers Intro": "5-Apr", "Year": 2005, "Years since joining": 10, "Honorary": "Full", "Notes": null, "Death1": 0, "Return1": 0, "Death2": 0, "Return2": 0, "Death3": 0, "Return3": 0, "Death4": 0, "Return4": 0, "Death5": 0, "Return5": 0}, {"URL": "http://marvel.wikia.com/Cassandra_Lang_(Earth-616)#", "Name/Alias": "Cassie Lang", "Appearances": 160, "Current?": "NO", "Gender": "FEMALE", "Probationary Introl": null, "Full/Reserve Avengers Intro": "5-Jun", "Year": 2005, "Years since joining": 10, "Honorary": "Full", "Notes": "Dies in Young Avengers: The Childrens Crusade when she is killed by Doom. Eventually reborn years later. ", "Death1": 1, "Return1": 1, "Death2": 0, "Return2": 0, "Death3": 0, "Return3": 0, "Death4": 0, "Return4": 0, "Death5": 0, "Return5": 0}, {"URL": "http://marvel.wikia.com/Katherine_Bishop_(Earth-616)#", "Name/Alias": "Katherine \"Kate\" Bishop", "Appearances": 132, "Current?": "YES", "Gender": "FEMALE", "Probationary Introl": null, "Full/Reserve Avengers Intro": "5-Jun", "Year": 2005, "Years since joining": 10, "Honorary": "Full", "Notes": null, "Death1": 0, "Return1": 0, "Death2": 0, "Return2": 0, "Death3": 0, "Return3": 0, "Death4": 0, "Return4": 0, "Death5": 0, "Return5": 0}, {"URL": "http://marvel.wikia.com/Vision_(Jonas)_(Earth-616)#", "Name/Alias": "Alias: Jonas", "Appearances": 121, "Current?": "NO", "Gender": "MALE", "Probationary Introl": null, "Full/Reserve Avengers Intro": "6-Feb", "Year": 2006, "Years since joining": 9, "Honorary": "Full", "Notes": "Dies in Young Avengers The Children's Crusade", "Death1": 1, "Return1": 0, "Death2": 0, "Return2": 0, "Death3": 0, "Return3": 0, "Death4": 0, "Return4": 0, "Death5": 0, "Return5": 0}, {"URL": "http://marvel.wikia.com/Thomas_Shepherd_(Earth-616)#", "Name/Alias": "Thomas \"Tommy\" Shepherd", "Appearances": 59, "Current?": "YES", "Gender": "MALE", "Probationary Introl": null, "Full/Reserve Avengers Intro": "6-Jun", "Year": 2006, "Years since joining": 9, "Honorary": "Full", "Notes": null, "Death1": 0, "Return1": 0, "Death2": 0, "Return2": 0, "Death3": 0, "Return3": 0, "Death4": 0, "Return4": 0, "Death5": 0, "Return5": 0}, {"URL": "http://marvel.wikia.com/Daniel_Rand_(Earth-616)#", "Name/Alias": "Daniel Thomas Rand K'ai", "Appearances": 629, "Current?": "NO", "Gender": "MALE", "Probationary Introl": null, "Full/Reserve Avengers Intro": "7-Feb", "Year": 2007, "Years since joining": 8, "Honorary": "Full", "Notes": null, "Death1": 0, "Return1": 0, "Death2": 0, "Return2": 0, "Death3": 0, "Return3": 0, "Death4": 0, "Return4": 0, "Death5": 0, "Return5": 0}, {"URL": "http://marvel.wikia.com/Stephen_Strange_(Earth-616)#", "Name/Alias": "Doctor Stephen Vincent Strange", "Appearances": 1324, "Current?": "NO", "Gender": "MALE", "Probationary Introl": null, "Full/Reserve Avengers Intro": "7-Feb", "Year": 2007, "Years since joining": 8, "Honorary": "Full", "Notes": null, "Death1": 0, "Return1": 0, "Death2": 0, "Return2": 0, "Death3": 0, "Return3": 0, "Death4": 0, "Return4": 0, "Death5": 0, "Return5": 0}, {"URL": "http://marvel.wikia.com/Ares_(Earth-616)#", "Name/Alias": "Ares", "Appearances": 236, "Current?": "NO", "Gender": "MALE", "Probationary Introl": null, "Full/Reserve Avengers Intro": "7-Mar", "Year": 2007, "Years since joining": 8, "Honorary": "Full", "Notes": "Ripped in half by the Sentry during Seige. Revived during Chaos King. Then killedby Chaos King. ", "Death1": 1, "Return1": 1, "Death2": 1, "Return2": 0, "Death3": 0, "Return3": 0, "Death4": 0, "Return4": 0, "Death5": 0, "Return5": 0}, {"URL": "http://marvel.wikia.com/James_Buchanan_Barnes_(Earth-616)#", "Name/Alias": "James Buchanan Barnes", "Appearances": 663, "Current?": "NO", "Gender": "MALE", "Probationary Introl": null, "Full/Reserve Avengers Intro": "8-Dec", "Year": 2008, "Years since joining": 7, "Honorary": "Full", "Notes": null, "Death1": 0, "Return1": 0, "Death2": 0, "Return2": 0, "Death3": 0, "Return3": 0, "Death4": 0, "Return4": 0, "Death5": 0, "Return5": 0}, {"URL": "http://marvel.wikia.com/Jessica_Drew_(Earth-616)#", "Name/Alias": "Jessica Miriam Drew", "Appearances": 525, "Current?": "YES", "Gender": "FEMALE", "Probationary Introl": null, "Full/Reserve Avengers Intro": "8-Dec", "Year": 2008, "Years since joining": 7, "Honorary": "Full", "Notes": null, "Death1": 0, "Return1": 0, "Death2": 0, "Return2": 0, "Death3": 0, "Return3": 0, "Death4": 0, "Return4": 0, "Death5": 0, "Return5": 0}, {"URL": "http://marvel.wikia.com/Jessica_Jones_(Earth-616)#", "Name/Alias": "Jessica Jones", "Appearances": 205, "Current?": "YES", "Gender": "FEMALE", "Probationary Introl": null, "Full/Reserve Avengers Intro": "10-Aug", "Year": 2010, "Years since joining": 5, "Honorary": "Full", "Notes": null, "Death1": 0, "Return1": 0, "Death2": 0, "Return2": 0, "Death3": 0, "Return3": 0, "Death4": 0, "Return4": 0, "Death5": 0, "Return5": 0}, {"URL": "http://marvel.wikia.com/Amadeus_Cho_(Earth-616)#", "Name/Alias": "Amadeus Cho", "Appearances": 108, "Current?": "NO", "Gender": "MALE", "Probationary Introl": null, "Full/Reserve Avengers Intro": "9-Dec", "Year": 2009, "Years since joining": 6, "Honorary": "Full", "Notes": null, "Death1": 0, "Return1": 0, "Death2": 0, "Return2": 0, "Death3": 0, "Return3": 0, "Death4": 0, "Return4": 0, "Death5": 0, "Return5": 0}, {"URL": "http://marvel.wikia.com/Maria_Hill_(Earth-616)#", "Name/Alias": "Maria Hill", "Appearances": 359, "Current?": "YES", "Gender": "FEMALE", "Probationary Introl": null, "Full/Reserve Avengers Intro": "10-May", "Year": 2010, "Years since joining": 5, "Honorary": "Full", "Notes": null, "Death1": 0, "Return1": 0, "Death2": 0, "Return2": 0, "Death3": 0, "Return3": 0, "Death4": 0, "Return4": 0, "Death5": 0, "Return5": 0}, {"URL": "http://marvel.wikia.com/Robert_Baldwin_(Earth-616)#", "Name/Alias": "Robbie Baldwin", "Appearances": 299, "Current?": "NO", "Gender": "MALE", "Probationary Introl": null, "Full/Reserve Avengers Intro": "10-Jun", "Year": 2010, "Years since joining": 5, "Honorary": "Full", "Notes": null, "Death1": 0, "Return1": 0, "Death2": 0, "Return2": 0, "Death3": 0, "Return3": 0, "Death4": 0, "Return4": 0, "Death5": 0, "Return5": 0}, {"URL": "http://marvel.wikia.com/Sharon_Carter_(Earth-616)#", "Name/Alias": "Sharon Carter", "Appearances": 333, "Current?": "NO", "Gender": "FEMALE", "Probationary Introl": null, "Full/Reserve Avengers Intro": "10-May", "Year": 2010, "Years since joining": 5, "Honorary": "Full", "Notes": "Died in Captain_America_Vol_7_10. It's not clear how she survived but yeah she totally did. ", "Death1": 1, "Return1": 1, "Death2": 0, "Return2": 0, "Death3": 0, "Return3": 0, "Death4": 0, "Return4": 0, "Death5": 0, "Return5": 0}, {"URL": "http://marvel.wikia.com/Eric_O%27Grady_(Earth-616)#", "Name/Alias": "Eric O'Grady", "Appearances": 88, "Current?": "NO", "Gender": "MALE", "Probationary Introl": null, "Full/Reserve Avengers Intro": "10-May", "Year": 2010, "Years since joining": 5, "Honorary": "Full", "Notes": "Died in Secret_Avengers_Vol_1_22. ", "Death1": 1, "Return1": 0, "Death2": 0, "Return2": 0, "Death3": 0, "Return3": 0, "Death4": 0, "Return4": 0, "Death5": 0, "Return5": 0}, {"URL": "http://marvel.wikia.com/Brunnhilde_(Earth-616)#", "Name/Alias": "Brunnhilde", "Appearances": 369, "Current?": "NO", "Gender": "FEMALE", "Probationary Introl": null, "Full/Reserve Avengers Intro": "10-May", "Year": 2010, "Years since joining": 5, "Honorary": "Full", "Notes": "NA but died/came back during Ragnarok prior to becoming an Avenger", "Death1": 0, "Return1": 0, "Death2": 0, "Return2": 0, "Death3": 0, "Return3": 0, "Death4": 0, "Return4": 0, "Death5": 0, "Return5": 0}, {"URL": "http://marvel.wikia.com/Richard_Rider_(Earth-616)#", "Name/Alias": "Richard Rider", "Appearances": 380, "Current?": "NO", "Gender": "MALE", "Probationary Introl": null, "Full/Reserve Avengers Intro": "10-May", "Year": 2010, "Years since joining": 5, "Honorary": "Full", "Notes": "Died in Guardians_of_the_Galaxy_Vol_3_20.", "Death1": 1, "Return1": 0, "Death2": 0, "Return2": 0, "Death3": 0, "Return3": 0, "Death4": 0, "Return4": 0, "Death5": 0, "Return5": 0}, {"URL": "http://marvel.wikia.com/Brian_Braddock_(Earth-616)#", "Name/Alias": "Brian Braddock", "Appearances": 545, "Current?": "NO", "Gender": "MALE", "Probationary Introl": null, "Full/Reserve Avengers Intro": "10-May", "Year": 2010, "Years since joining": 5, "Honorary": "Full", "Notes": null, "Death1": 0, "Return1": 0, "Death2": 0, "Return2": 0, "Death3": 0, "Return3": 0, "Death4": 0, "Return4": 0, "Death5": 0, "Return5": 0}, {"URL": "http://marvel.wikia.com/Dennis_Sykes_(Earth-616)#", "Name/Alias": "Dennis Sykes", "Appearances": 6, "Current?": "NO", "Gender": "MALE", "Probationary Introl": null, "Full/Reserve Avengers Intro": "10-Sep", "Year": 2010, "Years since joining": 5, "Honorary": "Full", "Notes": "Died in Heroic_Age:_One_Month_to_Live_Vol_1_5 stayed dead. ", "Death1": 1, "Return1": 0, "Death2": 0, "Return2": 0, "Death3": 0, "Return3": 0, "Death4": 0, "Return4": 0, "Death5": 0, "Return5": 0}, {"URL": "http://marvel.wikia.com/Noh-Varr_(Earth-616)#", "Name/Alias": "Noh-Varr", "Appearances": 126, "Current?": "YES", "Gender": "MALE", "Probationary Introl": null, "Full/Reserve Avengers Intro": "10-Jun", "Year": 2010, "Years since joining": 5, "Honorary": "Full", "Notes": null, "Death1": 0, "Return1": 0, "Death2": 0, "Return2": 0, "Death3": 0, "Return3": 0, "Death4": 0, "Return4": 0, "Death5": 0, "Return5": 0}, {"URL": "http://marvel.wikia.com/Thaddeus_Ross_(Earth-616)#", "Name/Alias": "Thaddeus Ross", "Appearances": 417, "Current?": "NO", "Gender": "MALE", "Probationary Introl": null, "Full/Reserve Avengers Intro": "11-Jun", "Year": 2011, "Years since joining": 4, "Honorary": "Full", "Notes": "Died in Circle of Four arc. Made a deal with Mephisto and came back. ", "Death1": 1, "Return1": 1, "Death2": 0, "Return2": 0, "Death3": 0, "Return3": 0, "Death4": 0, "Return4": 0, "Death5": 0, "Return5": 0}, {"URL": "http://marvel.wikia.com/John_Aman_(Earth-616)#", "Name/Alias": "John Aman", "Appearances": 31, "Current?": "YES", "Gender": "MALE", "Probationary Introl": null, "Full/Reserve Avengers Intro": "10-Dec", "Year": 2010, "Years since joining": 5, "Honorary": "Full", "Notes": null, "Death1": 0, "Return1": 0, "Death2": 0, "Return2": 0, "Death3": 0, "Return3": 0, "Death4": 0, "Return4": 0, "Death5": 0, "Return5": 0}, {"URL": "http://marvel.wikia.com/Shang-Chi_(Earth-616)#", "Name/Alias": "Shang-Chi", "Appearances": 310, "Current?": "YES", "Gender": "MALE", "Probationary Introl": null, "Full/Reserve Avengers Intro": "11-Apr", "Year": 2011, "Years since joining": 4, "Honorary": "Full", "Notes": null, "Death1": 0, "Return1": 0, "Death2": 0, "Return2": 0, "Death3": 0, "Return3": 0, "Death4": 0, "Return4": 0, "Death5": 0, "Return5": 0}, {"URL": "http://marvel.wikia.com/James_Santini_(Earth-616)#", "Name/Alias": "James Santini", "Appearances": 40, "Current?": "YES", "Gender": "MALE", "Probationary Introl": null, "Full/Reserve Avengers Intro": null, "Year": 1900, "Years since joining": 115, "Honorary": "Academy", "Notes": null, "Death1": 0, "Return1": 0, "Death2": 0, "Return2": 0, "Death3": 0, "Return3": 0, "Death4": 0, "Return4": 0, "Death5": 0, "Return5": 0}, {"URL": "http://marvel.wikia.com/Emery_Schaub_(Earth-616)#", "Name/Alias": "Emery Schaub", "Appearances": 26, "Current?": "YES", "Gender": "MALE", "Probationary Introl": null, "Full/Reserve Avengers Intro": null, "Year": 1900, "Years since joining": 115, "Honorary": "Academy", "Notes": null, "Death1": 0, "Return1": 0, "Death2": 0, "Return2": 0, "Death3": 0, "Return3": 0, "Death4": 0, "Return4": 0, "Death5": 0, "Return5": 0}, {"URL": "http://marvel.wikia.com/Jeanne_Foucault_(Earth-616)#", "Name/Alias": "Jeanne Foucault", "Appearances": 63, "Current?": "YES", "Gender": "FEMALE", "Probationary Introl": null, "Full/Reserve Avengers Intro": "10-Aug", "Year": 2010, "Years since joining": 5, "Honorary": "Academy", "Notes": null, "Death1": 0, "Return1": 0, "Death2": 0, "Return2": 0, "Death3": 0, "Return3": 0, "Death4": 0, "Return4": 0, "Death5": 0, "Return5": 0}, {"URL": "http://marvel.wikia.com/Fiona_(Inhuman)_(Earth-616)#", "Name/Alias": "Fiona", "Appearances": 2, "Current?": "YES", "Gender": "FEMALE", "Probationary Introl": null, "Full/Reserve Avengers Intro": null, "Year": 1900, "Years since joining": 115, "Honorary": "Academy", "Notes": null, "Death1": 0, "Return1": 0, "Death2": 0, "Return2": 0, "Death3": 0, "Return3": 0, "Death4": 0, "Return4": 0, "Death5": 0, "Return5": 0}, {"URL": "http://marvel.wikia.com/Jennifer_Takeda_(Earth-616)#", "Name/Alias": "Jennifer Takeda", "Appearances": 73, "Current?": "YES", "Gender": "FEMALE", "Probationary Introl": null, "Full/Reserve Avengers Intro": "10-Aug", "Year": 2010, "Years since joining": 5, "Honorary": "Academy", "Notes": null, "Death1": 0, "Return1": 0, "Death2": 0, "Return2": 0, "Death3": 0, "Return3": 0, "Death4": 0, "Return4": 0, "Death5": 0, "Return5": 0}, {"URL": "http://marvel.wikia.com/Hollow_(Earth-616)#", "Name/Alias": "Yvette", "Appearances": 22, "Current?": "YES", "Gender": "FEMALE", "Probationary Introl": null, "Full/Reserve Avengers Intro": null, "Year": 1900, "Years since joining": 115, "Honorary": "Academy", "Notes": null, "Death1": 0, "Return1": 0, "Death2": 0, "Return2": 0, "Death3": 0, "Return3": 0, "Death4": 0, "Return4": 0, "Death5": 0, "Return5": 0}, {"URL": "http://marvel.wikia.com/Julie_Power_(Earth-616)#", "Name/Alias": "Julie Power", "Appearances": 153, "Current?": "YES", "Gender": "FEMALE", "Probationary Introl": null, "Full/Reserve Avengers Intro": null, "Year": 1900, "Years since joining": 115, "Honorary": "Academy", "Notes": null, "Death1": 0, "Return1": 0, "Death2": 0, "Return2": 0, "Death3": 0, "Return3": 0, "Death4": 0, "Return4": 0, "Death5": 0, "Return5": 0}, {"URL": "http://marvel.wikia.com/Alani_Ryan_(Earth-616)#", "Name/Alias": "Alani Ryan", "Appearances": 73, "Current?": "YES", "Gender": "FEMALE", "Probationary Introl": null, "Full/Reserve Avengers Intro": null, "Year": 1900, "Years since joining": 115, "Honorary": "Academy", "Notes": null, "Death1": 0, "Return1": 0, "Death2": 0, "Return2": 0, "Death3": 0, "Return3": 0, "Death4": 0, "Return4": 0, "Death5": 0, "Return5": 0}, {"URL": "http://marvel.wikia.com/Ken_Mack_(Earth-616)#", "Name/Alias": "Ken Mack", "Appearances": 59, "Current?": "NO", "Gender": "MALE", "Probationary Introl": null, "Full/Reserve Avengers Intro": "10-Aug", "Year": 2010, "Years since joining": 5, "Honorary": "Academy", "Notes": "Died in Murderworld during Avengers Arena", "Death1": 1, "Return1": 0, "Death2": 0, "Return2": 0, "Death3": 0, "Return3": 0, "Death4": 0, "Return4": 0, "Death5": 0, "Return5": 0}, {"URL": "http://marvel.wikia.com/Humberto_Lopez_(Earth-616)#", "Name/Alias": "Humberto Lopez", "Appearances": 66, "Current?": "YES", "Gender": "MALE", "Probationary Introl": null, "Full/Reserve Avengers Intro": "10-Aug", "Year": 2010, "Years since joining": 5, "Honorary": "Academy", "Notes": "Died in Murderworld during Avengers Arena", "Death1": 1, "Return1": 0, "Death2": 0, "Return2": 0, "Death3": 0, "Return3": 0, "Death4": 0, "Return4": 0, "Death5": 0, "Return5": 0}, {"URL": "http://marvel.wikia.com/Johnathon_Gallo_(Earth-616)#", "Name/Alias": "Johnny Gallo", "Appearances": 43, "Current?": "YES", "Gender": "MALE", "Probationary Introl": null, "Full/Reserve Avengers Intro": null, "Year": 1900, "Years since joining": 115, "Honorary": "Academy", "Notes": null, "Death1": 0, "Return1": 0, "Death2": 0, "Return2": 0, "Death3": 0, "Return3": 0, "Death4": 0, "Return4": 0, "Death5": 0, "Return5": 0}, {"URL": "http://marvel.wikia.com/Lyra_(Earth-8009)#", "Name/Alias": "Lyra", "Appearances": 55, "Current?": "YES", "Gender": "FEMALE", "Probationary Introl": null, "Full/Reserve Avengers Intro": null, "Year": 1900, "Years since joining": 115, "Honorary": "Academy", "Notes": null, "Death1": 0, "Return1": 0, "Death2": 0, "Return2": 0, "Death3": 0, "Return3": 0, "Death4": 0, "Return4": 0, "Death5": 0, "Return5": 0}, {"URL": "http://marvel.wikia.com/Anya_Corazon_(Earth-616)#", "Name/Alias": "Anya Corazon", "Appearances": 108, "Current?": "YES", "Gender": "FEMALE", "Probationary Introl": null, "Full/Reserve Avengers Intro": null, "Year": 1900, "Years since joining": 115, "Honorary": "Academy", "Notes": null, "Death1": 0, "Return1": 0, "Death2": 0, "Return2": 0, "Death3": 0, "Return3": 0, "Death4": 0, "Return4": 0, "Death5": 0, "Return5": 0}, {"URL": "http://marvel.wikia.com/Brandon_Sharpe_(Earth-616)#", "Name/Alias": "Brandon Sharpe", "Appearances": 64, "Current?": "YES", "Gender": "MALE", "Probationary Introl": null, "Full/Reserve Avengers Intro": "10-Aug", "Year": 2010, "Years since joining": 5, "Honorary": "Academy", "Notes": null, "Death1": 0, "Return1": 0, "Death2": 0, "Return2": 0, "Death3": 0, "Return3": 0, "Death4": 0, "Return4": 0, "Death5": 0, "Return5": 0}, {"URL": "http://marvel.wikia.com/Kevin_Masterson_(Earth-616)#", "Name/Alias": "Kevin Masterson", "Appearances": 62, "Current?": "YES", "Gender": "MALE", "Probationary Introl": null, "Full/Reserve Avengers Intro": null, "Year": 1900, "Years since joining": 115, "Honorary": "Academy", "Notes": null, "Death1": 0, "Return1": 0, "Death2": 0, "Return2": 0, "Death3": 0, "Return3": 0, "Death4": 0, "Return4": 0, "Death5": 0, "Return5": 0}, {"URL": "http://marvel.wikia.com/Michiko_Musashi_(Earth-616)#", "Name/Alias": "Michiko Musashi", "Appearances": 94, "Current?": "YES", "Gender": "FEMALE", "Probationary Introl": null, "Full/Reserve Avengers Intro": null, "Year": 1900, "Years since joining": 115, "Honorary": "Academy", "Notes": null, "Death1": 0, "Return1": 0, "Death2": 0, "Return2": 0, "Death3": 0, "Return3": 0, "Death4": 0, "Return4": 0, "Death5": 0, "Return5": 0}, {"URL": "http://marvel.wikia.com/Takashi_Matsuya_(Earth-616)#", "Name/Alias": "Taki Matsuya", "Appearances": 18, "Current?": "YES", "Gender": "MALE", "Probationary Introl": null, "Full/Reserve Avengers Intro": null, "Year": 1900, "Years since joining": 115, "Honorary": "Academy", "Notes": null, "Death1": 0, "Return1": 0, "Death2": 0, "Return2": 0, "Death3": 0, "Return3": 0, "Death4": 0, "Return4": 0, "Death5": 0, "Return5": 0}, {"URL": "http://marvel.wikia.com/Daisy_Johnson_(Earth-616)#", "Name/Alias": "Daisy Johnson", "Appearances": 81, "Current?": "NO", "Gender": "FEMALE", "Probationary Introl": null, "Full/Reserve Avengers Intro": "12-Jan", "Year": 2012, "Years since joining": 3, "Honorary": "Full", "Notes": null, "Death1": 0, "Return1": 0, "Death2": 0, "Return2": 0, "Death3": 0, "Return3": 0, "Death4": 0, "Return4": 0, "Death5": 0, "Return5": 0}, {"URL": "http://marvel.wikia.com/Ororo_Munroe_(Earth-616)#", "Name/Alias": "Ororo Munroe", "Appearances": 1598, "Current?": "NO", "Gender": "FEMALE", "Probationary Introl": null, "Full/Reserve Avengers Intro": "12-Jan", "Year": 2012, "Years since joining": 3, "Honorary": "Full", "Notes": null, "Death1": 0, "Return1": 0, "Death2": 0, "Return2": 0, "Death3": 0, "Return3": 0, "Death4": 0, "Return4": 0, "Death5": 0, "Return5": 0}, {"URL": "http://marvel.wikia.com/Matthew_Murdock_(Earth-616)#", "Name/Alias": "Matt Murdock", "Appearances": 1375, "Current?": "NO", "Gender": "MALE", "Probationary Introl": null, "Full/Reserve Avengers Intro": "11-Nov", "Year": 2011, "Years since joining": 4, "Honorary": "Full", "Notes": null, "Death1": 0, "Return1": 0, "Death2": 0, "Return2": 0, "Death3": 0, "Return3": 0, "Death4": 0, "Return4": 0, "Death5": 0, "Return5": 0}, {"URL": "http://marvel.wikia.com/Eugene_Thompson_(Earth-616)#", "Name/Alias": "Flash Thompson", "Appearances": 746, "Current?": "YES", "Gender": "MALE", "Probationary Introl": null, "Full/Reserve Avengers Intro": "12-Apr", "Year": 2012, "Years since joining": 3, "Honorary": "Honorary", "Notes": null, "Death1": 0, "Return1": 0, "Death2": 0, "Return2": 0, "Death3": 0, "Return3": 0, "Death4": 0, "Return4": 0, "Death5": 0, "Return5": 0}, {"URL": "http://marvel.wikia.com/Otto_Octavius_(Earth-616)#", "Name/Alias": "Otto Octavius", "Appearances": 561, "Current?": "NO", "Gender": "MALE", "Probationary Introl": null, "Full/Reserve Avengers Intro": "13-Jan", "Year": 2013, "Years since joining": 2, "Honorary": "Full", "Notes": "Died in Superior_Spider-Man_Vol_1_30. ", "Death1": 1, "Return1": 0, "Death2": 0, "Return2": 0, "Death3": 0, "Return3": 0, "Death4": 0, "Return4": 0, "Death5": 0, "Return5": 0}, {"URL": "http://marvel.wikia.com/Alexander_Summers_(Earth-616)#", "Name/Alias": "Alex Summers", "Appearances": 592, "Current?": "YES", "Gender": "MALE", "Probationary Introl": null, "Full/Reserve Avengers Intro": "12-Dec", "Year": 2012, "Years since joining": 3, "Honorary": "Full", "Notes": null, "Death1": 0, "Return1": 0, "Death2": 0, "Return2": 0, "Death3": 0, "Return3": 0, "Death4": 0, "Return4": 0, "Death5": 0, "Return5": 0}, {"URL": "http://marvel.wikia.com/Samuel_Guthrie_(Earth-616)#", "Name/Alias": "Samuel Guthrie", "Appearances": 679, "Current?": "YES", "Gender": "MALE", "Probationary Introl": null, "Full/Reserve Avengers Intro": "13-Feb", "Year": 2013, "Years since joining": 2, "Honorary": "Full", "Notes": null, "Death1": 0, "Return1": 0, "Death2": 0, "Return2": 0, "Death3": 0, "Return3": 0, "Death4": 0, "Return4": 0, "Death5": 0, "Return5": 0}, {"URL": "http://marvel.wikia.com/Roberto_da_Costa_(Earth-616)#", "Name/Alias": "Roberto da Costa", "Appearances": 491, "Current?": "YES", "Gender": "MALE", "Probationary Introl": null, "Full/Reserve Avengers Intro": "13-Feb", "Year": 2013, "Years since joining": 2, "Honorary": "Full", "Notes": null, "Death1": 0, "Return1": 0, "Death2": 0, "Return2": 0, "Death3": 0, "Return3": 0, "Death4": 0, "Return4": 0, "Death5": 0, "Return5": 0}, {"URL": "http://marvel.wikia.com/Eden_Fesi_(Earth-616)#", "Name/Alias": "Eden Fesi", "Appearances": 65, "Current?": "YES", "Gender": "MALE", "Probationary Introl": null, "Full/Reserve Avengers Intro": "13-Feb", "Year": 2013, "Years since joining": 2, "Honorary": "Full", "Notes": null, "Death1": 0, "Return1": 0, "Death2": 0, "Return2": 0, "Death3": 0, "Return3": 0, "Death4": 0, "Return4": 0, "Death5": 0, "Return5": 0}, {"URL": "http://marvel.wikia.com/Captain_Universe_(Earth-616)#", "Name/Alias": null, "Appearances": 55, "Current?": "YES", "Gender": "MALE", "Probationary Introl": null, "Full/Reserve Avengers Intro": "13-Feb", "Year": 2013, "Years since joining": 2, "Honorary": "Full", "Notes": null, "Death1": 0, "Return1": 0, "Death2": 0, "Return2": 0, "Death3": 0, "Return3": 0, "Death4": 0, "Return4": 0, "Death5": 0, "Return5": 0}, {"URL": "http://marvel.wikia.com/Isabel_Kane_(Earth-616)#", "Name/Alias": "Izzy Kane", "Appearances": 44, "Current?": "YES", "Gender": "FEMALE", "Probationary Introl": null, "Full/Reserve Avengers Intro": "13-Feb", "Year": 2013, "Years since joining": 2, "Honorary": "Full", "Notes": null, "Death1": 0, "Return1": 0, "Death2": 0, "Return2": 0, "Death3": 0, "Return3": 0, "Death4": 0, "Return4": 0, "Death5": 0, "Return5": 0}, {"URL": "http://marvel.wikia.com/Marcus_Milton_(Earth-13034)#", "Name/Alias": "Marcus Milton", "Appearances": 65, "Current?": "YES", "Gender": "MALE", "Probationary Introl": null, "Full/Reserve Avengers Intro": "13-Feb", "Year": 2013, "Years since joining": 2, "Honorary": "Full", "Notes": "Died in New_Avengers_Vol_3_32. ", "Death1": 1, "Return1": 0, "Death2": 0, "Return2": 0, "Death3": 0, "Return3": 0, "Death4": 0, "Return4": 0, "Death5": 0, "Return5": 0}, {"URL": "http://marvel.wikia.com/Rogue_(Anna_Marie)_(Earth-616)#", "Name/Alias": "Anna Marie", "Appearances": 877, "Current?": "YES", "Gender": "FEMALE", "Probationary Introl": null, "Full/Reserve Avengers Intro": "13-Apr", "Year": 2013, "Years since joining": 2, "Honorary": "Full", "Notes": null, "Death1": 0, "Return1": 0, "Death2": 0, "Return2": 0, "Death3": 0, "Return3": 0, "Death4": 0, "Return4": 0, "Death5": 0, "Return5": 0}, {"URL": "http://marvel.wikia.com/Shiro_Yoshida_(Earth-616)#", "Name/Alias": "Shiro Yoshida", "Appearances": 176, "Current?": "YES", "Gender": "MALE", "Probationary Introl": null, "Full/Reserve Avengers Intro": "13-May", "Year": 2013, "Years since joining": 2, "Honorary": "Full", "Notes": "Died in Uncanny_Avengers_Vol_1_22. Returned when 'he was able to use his power to transform his body into a state of pure energy '", "Death1": 1, "Return1": 1, "Death2": 0, "Return2": 0, "Death3": 0, "Return3": 0, "Death4": 0, "Return4": 0, "Death5": 0, "Return5": 0}, {"URL": "http://marvel.wikia.com/Ex_Nihilo_(Earth-616)#", "Name/Alias": null, "Appearances": 24, "Current?": "YES", "Gender": "MALE", "Probationary Introl": null, "Full/Reserve Avengers Intro": "13-Oct", "Year": 2013, "Years since joining": 2, "Honorary": "Full", "Notes": "Died in New_Avengers_Vol_3_32", "Death1": 1, "Return1": 0, "Death2": 0, "Return2": 0, "Death3": 0, "Return3": 0, "Death4": 0, "Return4": 0, "Death5": 0, "Return5": 0}, {"URL": "http://marvel.wikia.com/Abyss_(Ex_Nihilo%27s)_(Earth-616)#", "Name/Alias": null, "Appearances": 25, "Current?": "YES", "Gender": "FEMALE", "Probationary Introl": null, "Full/Reserve Avengers Intro": "13-Oct", "Year": 2013, "Years since joining": 2, "Honorary": "Full", "Notes": "Died in New_Avengers_Vol_3_32", "Death1": 1, "Return1": 0, "Death2": 0, "Return2": 0, "Death3": 0, "Return3": 0, "Death4": 0, "Return4": 0, "Death5": 0, "Return5": 0}, {"URL": "http://marvel.wikia.com/Nightmask_(Earth-616)#", "Name/Alias": "Adam", "Appearances": 35, "Current?": "YES", "Gender": "MALE", "Probationary Introl": null, "Full/Reserve Avengers Intro": "13-Oct", "Year": 2013, "Years since joining": 2, "Honorary": "Full", "Notes": "Died in New_Avengers_Vol_3_32", "Death1": 1, "Return1": 0, "Death2": 0, "Return2": 0, "Death3": 0, "Return3": 0, "Death4": 0, "Return4": 0, "Death5": 0, "Return5": 0}, {"URL": "http://marvel.wikia.com/Kevin_Connor_(Earth-616)#", "Name/Alias": "Kevin Kale Connor", "Appearances": 44, "Current?": "YES", "Gender": "MALE", "Probationary Introl": null, "Full/Reserve Avengers Intro": "13-Oct", "Year": 2013, "Years since joining": 2, "Honorary": "Full", "Notes": "Died in New_Avengers_Vol_3_32", "Death1": 1, "Return1": 0, "Death2": 0, "Return2": 0, "Death3": 0, "Return3": 0, "Death4": 0, "Return4": 0, "Death5": 0, "Return5": 0}, {"URL": "http://marvel.wikia.com/Sam_Alexander_(Earth-616)#", "Name/Alias": "Sam Alexander", "Appearances": 78, "Current?": "YES", "Gender": "MALE", "Probationary Introl": null, "Full/Reserve Avengers Intro": "15-Feb", "Year": 2015, "Years since joining": 0, "Honorary": "Honorary", "Notes": null, "Death1": 0, "Return1": 0, "Death2": 0, "Return2": 0, "Death3": 0, "Return3": 0, "Death4": 0, "Return4": 0, "Death5": 0, "Return5": 0}, {"URL": "http://marvel.wikia.com/America_Chavez_(Earth-616)#", "Name/Alias": "America Chavez", "Appearances": 22, "Current?": "YES", "Gender": "FEMALE", "Probationary Introl": null, "Full/Reserve Avengers Intro": "13-Jul", "Year": 2013, "Years since joining": 2, "Honorary": "Full", "Notes": null, "Death1": 0, "Return1": 0, "Death2": 0, "Return2": 0, "Death3": 0, "Return3": 0, "Death4": 0, "Return4": 0, "Death5": 0, "Return5": 0}, {"URL": "http://marvel.wikia.com/Loki_Laufeyson_(Ikol)_(Earth-616)#", "Name/Alias": "Loki Laufeyson", "Appearances": 77, "Current?": "NO", "Gender": "MALE", "Probationary Introl": null, "Full/Reserve Avengers Intro": "13-Jul", "Year": 2013, "Years since joining": 2, "Honorary": "Full", "Notes": null, "Death1": 0, "Return1": 0, "Death2": 0, "Return2": 0, "Death3": 0, "Return3": 0, "Death4": 0, "Return4": 0, "Death5": 0, "Return5": 0}, {"URL": "http://marvel.wikia.com/David_Alleyne_(Earth-616)#", "Name/Alias": "David Alleyne", "Appearances": 115, "Current?": "YES", "Gender": "MALE", "Probationary Introl": null, "Full/Reserve Avengers Intro": "13-Sep", "Year": 2013, "Years since joining": 2, "Honorary": "Full", "Notes": null, "Death1": 0, "Return1": 0, "Death2": 0, "Return2": 0, "Death3": 0, "Return3": 0, "Death4": 0, "Return4": 0, "Death5": 0, "Return5": 0}, {"URL": "http://marvel.wikia.com/Nicholas_Fury,_Jr._(Earth-616)#", "Name/Alias": "Nicholas Fury, Jr., Marcus Johnson", "Appearances": 77, "Current?": "YES", "Gender": "MALE", "Probationary Introl": null, "Full/Reserve Avengers Intro": "13-Apr", "Year": 2013, "Years since joining": 2, "Honorary": "Full", "Notes": null, "Death1": 0, "Return1": 0, "Death2": 0, "Return2": 0, "Death3": 0, "Return3": 0, "Death4": 0, "Return4": 0, "Death5": 0, "Return5": 0}, {"URL": "http://marvel.wikia.com/Phillip_Coulson_(Earth-616)#", "Name/Alias": "Phillip Coulson", "Appearances": 69, "Current?": "YES", "Gender": "MALE", "Probationary Introl": null, "Full/Reserve Avengers Intro": "13-Apr", "Year": 2013, "Years since joining": 2, "Honorary": "Full", "Notes": null, "Death1": 0, "Return1": 0, "Death2": 0, "Return2": 0, "Death3": 0, "Return3": 0, "Death4": 0, "Return4": 0, "Death5": 0, "Return5": 0}, {"URL": "http://marvel.wikia.com/Tony_Masters_(Earth-616)#", "Name/Alias": "Tony Masters", "Appearances": 173, "Current?": "NO", "Gender": "MALE", "Probationary Introl": null, "Full/Reserve Avengers Intro": "13-May", "Year": 2013, "Years since joining": 2, "Honorary": "Full", "Notes": null, "Death1": 0, "Return1": 0, "Death2": 0, "Return2": 0, "Death3": 0, "Return3": 0, "Death4": 0, "Return4": 0, "Death5": 0, "Return5": 0}, {"URL": "http://marvel.wikia.com/Victor_Mancha_(Earth-616)#", "Name/Alias": "Victor Mancha", "Appearances": 75, "Current?": "YES", "Gender": "MALE", "Probationary Introl": null, "Full/Reserve Avengers Intro": "13-Sep", "Year": 2013, "Years since joining": 2, "Honorary": "Full", "Notes": "Died in Avengers_A.I._Vol_1_4. Returned in Avengers_A.I._Vol_1_9. ", "Death1": 1, "Return1": 1, "Death2": 0, "Return2": 0, "Death3": 0, "Return3": 0, "Death4": 0, "Return4": 0, "Death5": 0, "Return5": 0}, {"URL": "http://marvel.wikia.com/Monica_Chang_(Earth-616)#", "Name/Alias": "Monica Chang", "Appearances": 12, "Current?": "YES", "Gender": "FEMALE", "Probationary Introl": null, "Full/Reserve Avengers Intro": "13-Sep", "Year": 2013, "Years since joining": 2, "Honorary": "Full", "Notes": null, "Death1": 0, "Return1": 0, "Death2": 0, "Return2": 0, "Death3": 0, "Return3": 0, "Death4": 0, "Return4": 0, "Death5": 0, "Return5": 0}, {"URL": "http://marvel.wikia.com/Doombot_(Avenger)_(Earth-616)#", "Name/Alias": null, "Appearances": 14, "Current?": "YES", "Gender": "MALE", "Probationary Introl": null, "Full/Reserve Avengers Intro": "13-Sep", "Year": 2013, "Years since joining": 2, "Honorary": "Full", "Notes": null, "Death1": 0, "Return1": 0, "Death2": 0, "Return2": 0, "Death3": 0, "Return3": 0, "Death4": 0, "Return4": 0, "Death5": 0, "Return5": 0}, {"URL": "http://marvel.wikia.com/Alexis_(Earth-616)#", "Name/Alias": "Alexis", "Appearances": 13, "Current?": "YES", "Gender": "FEMALE", "Probationary Introl": null, "Full/Reserve Avengers Intro": "13-Nov", "Year": 2013, "Years since joining": 2, "Honorary": "Full", "Notes": null, "Death1": 0, "Return1": 0, "Death2": 0, "Return2": 0, "Death3": 0, "Return3": 0, "Death4": 0, "Return4": 0, "Death5": 0, "Return5": 0}, {"URL": "http://marvel.wikia.com/Eric_Brooks_(Earth-616)#", "Name/Alias": "Eric Brooks", "Appearances": 198, "Current?": "YES", "Gender": "MALE", "Probationary Introl": null, "Full/Reserve Avengers Intro": "13-Nov", "Year": 2013, "Years since joining": 2, "Honorary": "Full", "Notes": null, "Death1": 0, "Return1": 0, "Death2": 0, "Return2": 0, "Death3": 0, "Return3": 0, "Death4": 0, "Return4": 0, "Death5": 0, "Return5": 0}, {"URL": "http://marvel.wikia.com/Adam_Brashear_(Earth-616)#", "Name/Alias": "Adam Brashear", "Appearances": 29, "Current?": "YES", "Gender": "MALE", "Probationary Introl": null, "Full/Reserve Avengers Intro": "14-Jan", "Year": 2014, "Years since joining": 1, "Honorary": "Full", "Notes": null, "Death1": 0, "Return1": 0, "Death2": 0, "Return2": 0, "Death3": 0, "Return3": 0, "Death4": 0, "Return4": 0, "Death5": 0, "Return5": 0}, {"URL": "http://marvel.wikia.com/Victor_Alvarez_(Earth-616)#", "Name/Alias": "Victor Alvarez", "Appearances": 45, "Current?": "YES", "Gender": "MALE", "Probationary Introl": null, "Full/Reserve Avengers Intro": "14-Jan", "Year": 2014, "Years since joining": 1, "Honorary": "Full", "Notes": null, "Death1": 0, "Return1": 0, "Death2": 0, "Return2": 0, "Death3": 0, "Return3": 0, "Death4": 0, "Return4": 0, "Death5": 0, "Return5": 0}, {"URL": "http://marvel.wikia.com/Ava_Ayala_(Earth-616)#", "Name/Alias": "Ava Ayala", "Appearances": 49, "Current?": "YES", "Gender": "FEMALE", "Probationary Introl": null, "Full/Reserve Avengers Intro": "14-Jan", "Year": 2014, "Years since joining": 1, "Honorary": "Full", "Notes": null, "Death1": 0, "Return1": 0, "Death2": 0, "Return2": 0, "Death3": 0, "Return3": 0, "Death4": 0, "Return4": 0, "Death5": 0, "Return5": 0}, {"URL": "http://marvel.wikia.com/Kaluu_(Earth-616)#", "Name/Alias": "Kaluu", "Appearances": 35, "Current?": "YES", "Gender": "MALE", "Probationary Introl": null, "Full/Reserve Avengers Intro": "15-Jan", "Year": 2015, "Years since joining": 0, "Honorary": "Full", "Notes": null, "Death1": 0, "Return1": 0, "Death2": 0, "Return2": 0, "Death3": 0, "Return3": 0, "Death4": 0, "Return4": 0, "Death5": 0, "Return5": 0}]}}